Unique ID,URL,Date scraped,Headline,Body,Org,Topics,Sentiment,Scandal_distance,Top_10
5383240851476413094,https://www.bbc.com/news/articles/c0qv2nn1gpeo,2026-08-12T15:56:01.046648+00:00,US inflation eases as food and fuel costs cool,"US prices rose 3.4% in the year to July, slightly lower than the 3.5% in the year to June, new figures show.

Energy remained volatile as the Middle East conflict has continued. While gasoline prices were down 2.9% in July compared to June, they were up 24.6% over the year.

Month to month, inflation rose 0.1%, mainly due to an increase in housing costs, the Bureau of Labor Statistics said. Even small moves in rent can lift the overall headline figure as it makes up a large share of household spending.

Food prices rose only slightly in July and at a slower rate than in June, while energy prices fell, offering some relief for consumers.

While inflation was slightly lower in July compared to June, that means prices are rising at a slower pace, not that prices overall are falling.

Prices excluding food and energy rose 0.2% after staying flat in June, with medical care and airline tickets edging higher and car insurance continuing to fall.

The new Federal Reserve chair, Kevin Warsh, has said the central bank's priority is to ""keep inflation moving down"" while avoiding unnecessary shocks to the economy.

In a recent press briefing, Warsh said the Fed cannot use a ""magic wand"" to undo years of above-target inflation and must stay patient as price growth cools gradually.

One of the Fed's key jobs is to keep inflation near 2%, a level policymakers say keeps prices stable, supports steady economic growth, and helps prevent deeper downturns.

President Donald Trump has also said inflation is still too high for many families, pointing to rent and grocery bills as signs that the cost of living remains a major concern.

Financial markets reacted calmly to the latest figures, with stocks little changed as the figures were broadly in line with market expectations.

Recent labour market concerns have also softened expectations for a rate increase, after July's report showed a loss of jobs .","['the Bureau of Labor Statistics', 'Federal Reserve', 'Warsh', 'Fed']",Business,0.9537,0.8550511002540588,False
1699766146992335492,https://www.bbc.com/news/articles/c1512909pgpo,2026-08-12T15:56:02.857370+00:00,Tata Group Chairman N Chandrasekaran to step down in February,"N Chandrasekaran, the chairman of Tata Group, has said that he will not seek reappointment when his term ends in February.

The 63-year-old said the decision came after the board of Tata Sons could not reach a resolution on a five-year extension of his term, months after the proposal first came up.

The news sent shares of listed Tata companies plunging and has led to questions over what lies ahead for the gigantic salt-to-steel conglomerate that owns Air India, Tata Steel and Jaguar Land Rover.

Chandrasekaran's resignation, which comes days ahead of Tata Sons' annual general meeting, points to tensions that have been playing out for months after a boardroom power battle erupted between trustees.

The Tata Group is uniquely structured - a charitable arm called Tata Trusts owns 66% of the group's parent company, Tata Sons. This has given the group tax and regulatory advantages, and allows it to carry out charitable activities, but experts say that its dual non-profit and commercial objectives have sometimes led to governance issues.

Tata Trusts has three nominees on the Tata Sons board. Reports have said that the board members have disagreed over issues such as board nominations, funding approvals and the public listing of Tata Sons. The group has not publicly commented on the discord.

The internal rifts threatened to distract the group while it was facing severe business headwinds including the revival of Air India , which it bought from the Indian government in 2022.

When the proposal for his extension was brought before the board in February, one board member did not support it, Chandrasekaran said in his statement without naming the person.

""In the absence of unanimous support, I chose to defer the decision,"" he said, adding that there was no resolution even six months later.

""Tata Sons is a very large institution and there are many strategic projects that are under critical stages of execution. It is not only necessary to have a leader in place to lead the Group beyond Feb 2027, but also clarity on leadership is important for employees, investors, partners and other stakeholders,"" he said.

Chandrasekaran was named the group's chairman in 2017. He replaced the late Cyrus Mistry, whose abrupt removal from the post months earlier had triggered a bitter legal battle.

Before becoming chairman, Chandrasekaran was the CEO and managing director of the group's high-profile global IT service provider, Tata Consultancy Services. He joined the group in 1987 - a 2017 press release announcing his appointment as chairman described him as a ""Tata lifer"".

Ambareesh Baliga, an independent market analyst, said that when a person with Chandrasekaran's stature stepped down like this, it was inevitable that the markets would react negatively.

""However, they have six months to find a good successor,"" he said, adding that he thought it likely that the next leader would be chosen from within the group.","['Tata Group', 'Tata Sons', 'Tata', 'Air India', 'Tata Steel', 'Jaguar Land Rover', ""Tata Sons'"", 'The Tata Group', 'Tata Trusts', 'Group', 'Cyrus Mistry', 'Tata Consultancy Services']",Business,-0.951,0.801389217376709,False
2945363062652687609,https://www.bbc.com/news/articles/c204d4z1gg8o,2026-08-12T15:56:04.513577+00:00,"Poorest areas should not house all asylum seekers, says Burnham","Prime Minister Andy Burnham has suggested that wealthier areas of the UK should house more asylum seekers.

""We cannot have a situation where it's only the poorest communities in the country that receive all of the dispersal of refugees and asylum seekers,"" he told GB News on Tuesday.

His comments came in response to a question about protests which have taken place in the village of Piddington, Oxfordshire over plans to provide accommodation for asylum seekers on a nearby former military base.

But shadow home secretary Chris Philp, responding to Burnham's comments, said: ""We shouldn't be housing illegal immigrants anywhere – wealthy or not.""

Labour has pledged to stop using asylum hotels, a costly form of accommodation that has become a focal point for anti-migrant protests.

The government has sought to house migrants at military sites across the country instead, announcing in June that it planned to open three more including the site in Bicester, Oxfordshire.

The plans have prompted protests there, with residents of nearby Piddington voting to stage a symbolic referendum on leaving the UK.

Burnham said on Tuesday that he would listen to and address the concerns being raised.

""I don't know the issue yet in detail, but in some ways, as I understand it, it is about creating secure space,"" he said.

""We understand people's concerns and I will look into the issues raised by the good people of Piddington.""

But he added: ""I do believe all parts of the country need to work, to play their part.""

After winning the Makerfield by-election in June, Burnham promised to end ""HMO Britain"" and said he would change Britain's asylum accommodation system.

HMOs, or houses in multiple occupation, have been widely used by government contractors to house asylum seekers, often in lower income, urban areas.

Speaking on BBC Breakfast on Wednesday morning, immigration minister Anna Turley said the number of hotels had gone from a peak of 400 under the Conservatives to 160 under Labour, and pledged all of them would close by 2029.

Turley said the government had already saved £1bn by closing hotels and opening alternative, secure sites for asylum seekers, including two former military bases, student accommodation and former industrial sites around the country.

""I think this is about fairness and we won't be asking anybody to take more than they can, and we won't be asking anyone to take more than their fair share,"" she said.

""What we've seen in the past is places like Blackpool, and other communities around the country where housing is perhaps cheaper and more plentiful, have had to take more than their fair share of asylum seekers,"" she added.

""That's put a huge burden on local communities and created real civil unrest, so we want to make sure that we're managing the system much better in a more sustained way that's reducing the impact on local communities.

""It's important that everybody plays their fair share in that, and it's about making sure that no one community is more over-pressured or overburdened than others.""

Last week, there were anti-immigration demonstrations in the town of Thetford, Norfolk, with protesters attempting to enter homes where they believed asylum seekers were living.

In response to Burnham's interview, Philp reiterated the Conservatives' policy of leaving the European Convention on Human Rights in order to deport migrants to their country of origin or a safe third country.

""Andy Burnham just doesn't get it,"" he wrote on X.

""Illegal immigrants should all be deported within a week of arrival - to their country of origin or a safe third country like Rwanda.""

Government statistics showed there were 97,519 people in receipt of asylum support at the end of March, with 20,885 in hotel accommodation.

The figures added that 72,768 people were in other accommodation, including ""dispersal accommodation"" - which normally means houses in the community.

The remaining 3,866 people were in receipt of subsistence support only, according to the government.

The regions and nations with the highest number of asylum seekers in receipt of Home Office support included 19,578 in the north-west of England, 13,687 in London, 11,969 in the West Midlands and 8,635 in Yorkshire and the Humber.

The Home Office said the regions with the most supported asylum seekers as a proportion of their overall population were the north-east and north-west of England, with 26 and 25 supported people per 10,000 residents respectively.

It added the local authorities with the highest numbers of supported asylum seekers within them were Glasgow city (3,870), Birmingham (2,142), Liverpool (2,053), Coventry (1,712) and Belfast (1,607).

Burnham, during his time serving as the mayor of Greater Manchester, threatened to block the region from housing any more asylum seekers in 2018.

He complained about the government's dispersal system and said Greater Manchester's public services could not continue to support ""disproportionate"" numbers of people compared with elsewhere in the country.

Burnham at the time said the north-west of England was hosting 25% of the national population of asylum applicants who require housing and support - with Greater Manchester housing 70% of the region's numbers.

The then-Home Secretary Sajid Javid replied by promising to work towards a fairer distribution .

Sign up for our Politics Essential newsletter to keep up with the inner workings of Westminster and beyond.","['GB News', 'Burnham', 'Labour', 'Piddington', 'HMOs', 'Turley', 'Philp', 'Conservatives', 'the European Convention on Human Rights', 'Home Office', 'The Home Office', 'Liverpool', 'Coventry', 'Greater Manchester', 'Politics Essential']",Politics,0.9983,0.8059729337692261,False
4477703215990573983,https://www.bbc.com/news/articles/c20j2ngk2z8o,2026-08-12T15:56:06.057016+00:00,Rod Stewart calls off US tour after 'routine' heart procedure,"Sir Rod Stewart has called off the remaining dates of his US tour after having what was described as a ""routine"" heart procedure.

The 81-year-old singer has been advised by doctors to recuperate for the next four weeks following a coronary stent procedure.

A stent is a small wire tube that can be inserted into coronary arteries, which supply blood to the heart, if they have become narrowed or blocked.

""I'm already feeling better and very much on the mend,"" Sir Rod said on Instagram .

""I want to thank the doctors, nurses and everyone who has taken such wonderful care of me.

""I am deeply disappointed to miss these shows and sorry to let my fans down, but I look forward to getting back on stage and having a good time with you all again soon.""

The veteran singer, known for classic hits like Maggie May, Sailing and Do Ya Think I'm Sexy?, had been due to perform 11 concerts in the US in the coming weeks, including a six-date residency in Las Vegas.

He had already cancelled shows in Cincinnati on Sunday and Cleveland on Tuesday because of what was described as ""an unforeseen but minor medical procedure"".

A new statement posted on Instagram on Tuesday said: ""Following further medical evaluation, Sir Rod Stewart has successfully undergone a routine coronary stent procedure.

""Doctors are pleased with his recovery, and Rod is doing very well and has returned to his normal daily activities. On the advice of his doctors, he will take the next four weeks to recuperate and regain full fitness before returning to the stage.

""Unfortunately, this means he will be unable to continue his current tour dates.

""Information regarding affected performances will be communicated by the respective promoters and venues.""

Sir Rod also has three dates in his tour schedule for Mexico in September, for which tickets are currently still on sale.",['Instagram'],Entertainment,0.9764,0.8890844583511353,False
7750166108332118288,https://www.bbc.com/news/articles/c2lqvwewgp2o,2026-08-12T15:56:09.700624+00:00,Argos is getting a makeover - but can it attract new shoppers?,"Do you still shop at Argos? And if so, what do you think of it?

The chain has been a fixture of the British High Street for more than 50 years and is still used by around half of all UK households.

But it has struggled to thrive in recent years amid fierce competition from online giants like Amazon, with sales stagnating.

Its owner Sainsbury's recently announced it was selling the chain for a lot less than it paid for it just 10 years ago.

But the new owners say they see ""real opportunities"" for growth, including opening new standalone shops. Can they succeed where Sainsbury's did not?

When the BBC spoke to shoppers in central London this week, the retailer seemed to divide opinion.

Some, like Enrico, 28, said they loved the convenience of same-day collection, and felt nostalgic towards a brand which unlocked fond childhood memories.

""It was a great way of doing your Christmas shopping,"" he told the BBC. ""We'd go into our local Argos and we'd get the massive print catalogue.""

Argos's encyclopedia-like catalogue was once dubbed ""the laminated book of dreams"", but the company stopped printing it in 2021 .

At one point it was Europe's most widely printed publication.

For others, though, Argos has not moved with the times and is at odds with the seemingly endless online choice.

""I feel Amazon is a lot easier because it gets delivered straight to your door with Prime,"" said Emily, 22, adding that she only used Argos to buy appliances, not ""day to day"" items.

Jack Cunningham, 26, from Kent often uses Argos to pick up things when he's at work in London.

The scientist said the big draw was convenience: ""If I need something in the moment and can't wait for delivery, normally I'll get it in Argos.

""You can order something really cheap on Amazon, and it might come and be the wrong size, "" he added.

For years, commentators have asked whether Argos could build a business to take on Amazon, the biggest online seller in the UK.

But while Argos has invested a lot in digital, it never quite happened. It made £4.1bn of sales last year, compared with £32bn for Amazon in the UK.

Argos does, however, offer something its online rivals don't - a large network of stores, concessions in Sainsbury's shops, and collection points that mean customers can click and collect on the same day, free of charge.

Retail analyst Catherine Shuttleworth thinks Argos could capitalise on this, along with its reputation as a trusted British brand.

However, she thinks it needs to improve its app so it can compete with online players like Amazon, Shein and Temu.

""I think if you asked people to name five High Street retailers, they wouldn't name Argos,"" she added. ""It's almost about reminding people it exists.""

Argos hasn't been front of mind for Georgia, 27, for ages. She thinks it is outdated and not for her. ""It's very old school isn't it? I'm more of an Amazon shopper.""

Argos could also do better on customer service, thinks Hugh Radojev, editor of Retail Week.

""It's not an exciting place to shop, or what it used to be for kids around Christmas. Under a new ownership you'd hope they could get it back into the zeitgeist.""

Since 2012, Argos has gone from having 845 standalone shops to around 200 - although it also has opened about 450 shop-within-shops in Sainsbury's stores.

This was seen as a smart move, allowing Argos to tap into Sainsbury's large customer base. Argos will keep all of those concessions after the takeover, and customers will continue to get Nectar loyalty card points for all their purchases.

But Nicole, 40, an Argos fan from South London, says she wants the chain to expand further.

""It would be nice if they could go in other supermarkets like Tesco,"" she added.

Argos's new owners have ruled out deals with rival supermarkets, but they do plan to forge other ""partnerships"" and open new standalone stores.

The group, called Swift Partners, includes several seasoned retail veterans, one of them a former boss of Co-operative Group. Retail analyst Richard Hyman thinks this ownership will be a better fit than Sainsbury's, which was focused on selling food.

But he is sceptical about how much Argos can grow in such a ""tough retail market"".

Shuttleworth is more optimistic, saying with a ""ruthless focus"" Argos can thrive and even put Amazon under pressure.

""Argos completely revolutionised the way we shop when they came out and they have a history of being different,"" she said. ""If I was marketing director I would be thinking about how to bottle that for 2027.""

Get our flagship newsletter with all the headlines you need to start the day. Sign up here.","['Amazon', 'Sainsbury', 'BBC', 'Argos', 'Retail Week', 'Nectar', 'Tesco', 'Swift Partners', 'Co-operative Group']",Tech,0.9984,0.8157825469970703,False
4362163272415702904,https://www.bbc.com/news/articles/c39e3y1y2zjo,2026-08-12T15:56:19.016029+00:00,"Early release scheme risks more serious crimes, probation chief inspector warns","The chief inspector of probation for England and Wales has told the BBC the early release of thousands of prisoners could lead to ""a serious sexual or violent offence or even murder"" because of the demands on probation staff to monitor offenders.

The government is set to release 5,000 offenders from October as part of new laws to create more space in overcrowded prisons.

Probation officers supervise offenders after prison sentences and check they follow the terms of their release, such as sticking to curfews and not taking drugs.

A Ministry of Justice spokesperson said ""protecting the public is our top priority"", adding it had invested in probation and hiring trainee officers.

But Martin Jones, His Majesty's Chief Inspector of probation for England and Wales, told the BBC that ""ultimately I'm not fully confident that the probation system will be able to cope with this massive work and there's a risk that things will go wrong"".

""Probation services are already under unprecedented pressure.

""I mean, they're managing a caseload of 258,000 cases, that's nearly three times the number that are in our prisons, and obviously the early release scheme will be increasing that pressure considerably.""

On Tuesday, 50 police chiefs across the UK signed a letter to the prime minister urging him to pursue ""every legal option"" to prevent the early release of PC Andrew Harper's killers under the scheme.

They called for called for greater consideration of victims when prisoners have their sentences altered, adding: ""Families across the country are now facing the distress of learning that offenders may be released earlier than they understood when sentence was passed.""

They also welcomed Burnham's intervention on Tuesday, when he said he was ""confident"" the early release of Jessie Cole and Albert Bowers, who were jailed for 13 years for manslaughter in 2020, in January could be stopped.

Shadow home secretary Chris Philp told BBC Breakfast the early release plans had ""put public safety at risk as well as disrespecting victims and undermining confidence in the criminal justice system"".

He urged Burnham to ""pay attention and listen"" to the senior police officers, adding he had ""never seen every chief constable in the country write to the prime minister directly in this way"".

Philip and Nick Timothy, the Conservative shadow justice secretary, wrote to Burnham on Tuesday urging him to introduce emergency primary legislation in September to amend the Sentencing Act 2026.

The letter said grooming gang perpetrators, including those convicted of indecent assault, and those convicted of the manslaughter of an emergency worker should be exempt from the early release scheme.

Probation officers help former prisoners with housing, employment and access to benefits once in the community, and help protect the public by assessing the risk of further offending.

Their workload will increase substantially when more offenders - some of whom will have been convicted of violent offences - are released months earlier than planned as part of the Sentencing Act.

According to the chief inspector, probation caseload has increased by 8% over the last two years.

Much of that is down to a separate early release scheme which was implemented in 2024 after prisons nearly reached full capacity.

That scheme has led to tens of thousands of offenders being let out sooner.

When asked what risk the additional early releases due to start in the autumn could pose to the public, Jones said ""that could be a serious sexual or violent offence or even murder"".

One probation officer told the BBC the upcoming releases had put him and his colleagues into ""a state of panic"".

""We can't cope with this - we've been saying that to anybody who will listen.

""At the minute I think it's pure panic in terms of where we're at. I don't understand how there can be this level of pressure put on us.

""The worst that can happen is that things are missed, plans aren't put into place and we don't give people the level of service they need and that leads to serious further offences.

""That leads to death under supervision.""

In a statement, an MoJ spokesperson said the department had exceeded its recruitment target for last year, with 1,389 trainee probation officers starting.

The spokesperson said this is ""making sure the Probation Service has the resource it needs to keep dangerous offenders under closer surveillance than ever before"".

""The Sentencing Act is restoring order to a prison system left on the brink of collapse, while our record £700m investment in probation and community punishment is ensuring staff have the resources, powers, and technology they need to manage offenders safely in the community,"" the spokesperson added.

On Tuesday, probation officers voted in favour of strike action over the scheme, with probation union Napo saying 90% of its members had backed potential industrial action.

""This ballot wasn't about members being too busy,"" Napo national chair Ben Cockburn said.

""It was professionals warning they cannot protect the public properly when there are not enough people to do the work.""

The MoJ said it was ""disappointed"" by the ballot outcome.

Inspectorate reports published between January and March 2026 highlight staffing gaps in probation, a lack of experience, significant issues with information sharing, as well as ""the burden placed on overstretched staff by large-scale change programmes"".

As of March, there were 5,554 full-time equivalent probation officers, a shortfall of 1,556 against the target staffing level of 7,110.

Prime Minister Andy Burnham has said there will be a presumption that all offenders released as part of the new laws will be tagged and have longer periods of supervision.

This will mean more responsibility on probation staff.

""Electronic tagging has been talked about as a key part of the arrangement but actually all that provides you with is information to inform their understanding of what is going on and then to act upon that when necessary, and I'm not sure the systems are there and robust enough to assist the probation officer when they're doing their work,"" Jones said.

""I've previously said that it would be a good idea to look at the overall workload of probation and consider what are the essential things that they need to be doing, not what's desirable.""

""It's a matter of desirable work that I want the probation service to be doing.

""But with a probation service that probably has a vacancy rate of 20-25%, what can they realistically do.""

On Tuesday, the prime minister said he was ""increasingly confident"" that work to add space in the prison system ""will allow us to reduce the number of people released early"".

It comes as Burnham is facing growing pressure to ensure the killers of PC Andrew Harper are not released as part of the scheme.

Downing Street had earlier warned it would not be possible to exclude ""one or two offenders"" convicted of manslaughter from early release.

But after an outcry, Burnham ordered the justice secretary to find a way to bar Jessie Cole and Albert Bowers from the scheme, and the prime minister has now said he is ""confident"" they can be excluded.

The letter welcomed the prime minister's intervention, adding: ""This provides an opportunity not only to examine every lawful avenue in PC Andrew Harper's case, but to ensure similar concerns do not arise again.""","['BBC', 'Ministry of Justice', 'BBC Breakfast', 'Burnham', 'MoJ', 'the Probation Service', 'Napo', 'Inspectorate']",Politics,-0.9986,0.8399572372436523,False
7439629027917107915,https://www.bbc.com/news/articles/c3ekd5784k5o,2026-08-12T15:56:20.929793+00:00,How a 90-second power outage sparked chaos for rail commuters,"The power failure which hit a Network Rail operations centre in Manchester was a rare incident.

But after commuters were left facing chaos , it has raised questions about how a short outage at one operating centre could have a widespread impact.

Network Rail will face scrutiny for how its systems coped and responded to the outage.

That's the publicly-owned body whose job it is to operate and maintain Britain's railway infrastructure. That means the tracks, signals, embankments and major stations.

It was at Network Rail's operating centre in Manchester that the problem started. Its operating centres are where crucial controls are housed that let trains run safely across the country, with Manchester's centre responsible for large parts of the North West.

It was hit by a power cut in the area, which was resolved within 90 seconds. Given the centre's importance, backups are in place. But questions have been raised about how they responded.

Chris Wright, north-west route director at Network Rail , told the BBC ""we didn't experience a 90-second interruption,"" insisting its systems were back online sooner.

But he said some of Network Rail's communications systems ""did not respond how we would have expected, and then needed reconfiguring and replacing"".

""We've got to work really hard very quickly now to understand why that's the case,"" he added.

Because signalling was affected - think of that essentially as the traffic lights of the railway - trains had to stop.

Systems had to be rebooted. But there was some damage to those that control signalling, which took time to fix because of the need to replace certain parts.

Thinking about how busy parts of the rail network are, and how many trains and crews were left out of position across the North West of England and beyond, helps explain why the impact was so big.

Network Rail has apologised to customers and opened an investigation.

Bosses say engineers have been working hard to ""build additional resilience into our signalling systems to ensure that this doesn't happen again"".

Network Rail has moved towards having 12 so-called Rail Operating Centres across Great Britain, replacing a previous structure of hundreds of older signal boxes. They are meant to be high tech hubs which centralise control of the network.

Manchester's Rail Operating Centre was opened in 2014.

Experts have warned consolidating in this way means that if one centre is badly affected, the impact is much broader.

Rail writer Christian Wolmar said the problem they have created is that ""if one thing goes wrong, it can wipe out, as we saw, quite a lot of the network"".

""So really they've got to start thinking about both resilience, but also whether the centralisation of all the signalling and communications into a very small number of places is the right thing to do,"" he added.

There's nothing to specifically link this particular incident to other recent problems experienced by rail users; for example the impact of speed restrictions and infrastructure failures during the recent extreme heat.

But it is unlikely to inspire confidence among passengers who have in the past few years suffered from issues such as poor performance among operators, strikes and rising ticket prices. Regulated fares have been frozen in England this year.

Rail engineer and writer Gareth Dennis also drew a link between the incident and the funding pressures and job cuts Network Rail has faced. He said it raised questions including: ""Are their staff suitably resourced? Are there enough staff to be ensuring that things like those checks of that supply are happening?""

Network Rail gets five-year funding settlements, signed off by the government. The latest one started in 2024.

The government committed £44.1bn for the 2024-29 period of the strategic business plan, a £3bn increase from the previous five years.

Factors including rising costs due to inflation and a rise in extreme weather events have left its funding under severe pressure.

Introducing Network Rail's new business plan, former chief executive Andrew Haines said that, given the constrained budget, funding would ""need to go further than ever before"".

The government's current rail policy centres around nationalising the passenger rail operators who weren't already in public control (a number of operators had already been nationalised under past Conservative governments) - then bringing the running of train services and the infrastructure under a new organisation called Great British Railways.

Network Rail is expected to be abolished as a separate entity. Ahead of that, some joint management teams have been formed, for example in the South West.

The question of how much taxpayer money to spend supporting both passenger rail services, and investing in infrastructure, is a significant one - and government budgets remain squeezed.

With additional reporting by Mark Allison","['Network Rail', ""Network Rail's"", 'BBC', 'Rail Operating Centres', 'Great British Railways']",Politics,-0.7817,0.8059436678886414,False
8281861747401289268,https://www.bbc.com/news/articles/c4g306eln8wo,2026-08-12T15:56:22.674182+00:00,"Members of Trump's cabinet remained on decoy plane, after Trump's quiet exit","Two members of US President Donald Trump's cabinet were on a decoy plane that Trump secretly exited before boarding a different flight in Turkey last month, CBS News reports.

Secretary of State Marco Rubio and Treasury Secretary Scott Bessent remained aboard what was believed to be Air Force One and did not join the flight provided to Trump over security concerns involving Iran.

After Trump entered Air Force One on 8 July with both officials and members of the press, he hid on a catering truck to be clandestinely transported to a military plane.

The label ""Air Force One"" applies to any plane the president is on, but in this case the original craft kept the call signal, turning it into a decoy.

According to CBS - the BBC's US partner - Rubio and Bessent remained on board the first aircraft to maintain the line of succession in the event something happened to Trump

In the event that the president dies or is incapacitated, Vice-President JD Vance would take power, followed by the Speaker of the House of Representatives and the President Pro Tempore of the Senate.

The Secretary of State comes next in line, followed by the treasury secretary.

Others who stayed on the initial aircraft designated as Air Force One included White House Deputy Chief of Staff Stephen Miller and Steven Cheung, the White House's communications director.

The BBC has contacted the White House for comment.","['Trump', 'CBS News', 'State', 'Treasury', 'Air Force One', 'Trump entered Air Force One', 'CBS', 'BBC', 'Bessent', 'Trump\n\nIn', 'the House of Representatives', 'Senate', 'treasury', 'White House', ""the White House's"", 'the White House']",Business,0.4599,0.7846715450286865,False
8067231678407812189,https://www.bbc.com/news/articles/c4g30dw9xw6o,2026-08-12T15:56:24.729943+00:00,Double killer and rapist given whole life sentence,"A serial sex attacker who had a ""morbid fascination"" with sex has been jailed for the rest of his life after he was found guilty of murdering two women and raping a third.

Simon Levy, 40, killed Carmenza Valencia-Trujillo, 53, in March 2025 and 39-year-old Sheryl Wilkins five months later. Earlier that year, he raped a third woman in the same Tottenham car park where Wilkins was later found dead.

At the Old Bailey on Wednesday, Judge Mark Lucraft KC sentenced Levy to a whole life order, meaning he will never be released.

The sentence comes after police and the Crown Prosecution Service (CPS) apologised over a series of disastrous decisions that left him free to roam the streets.

When Levy carried out the attacks, he was on bail and being monitored by the Met.

The police watchdog is currently examining how he was managed over a four-year period, from his first conviction in September 2021 for sexual assault up to his final arrest in September 2025.

Following Wednesday's sentencing, Met Police Commissioner Sir Mark Rowley said the handling of Levy's case was a ""whole system failing"".

During his trial, the court heard Levy suffocated both women in sexually motivated attacks, with Valencia-Trujillo found in a largely abandoned block of flats on the Aylesbury estate in south-east London, and Wilkins behind a car park wall near Tottenham High Road, north London.

The woman he raped had told the police where he lived but she was not formally interviewed until after Levy had killed.

Sentencing Levy, Lucraft said : ""You are clearly someone who ruthlessly exploits others for your own personal sexual satisfaction"".

Noting his disturbing internet history and collection of press cuttings about sexual crimes, Lucraft said Levy was ""someone who appears to have a morbid fascination with sex, rape, and crime"".

The judge added the offences reflected ""a series of attacks by you upon vulnerable women"".

Lucraft added he was ""acutely aware that whole life terms are sentences that should be considered for rare cases"".

But in this case ""the starting point has to be a whole life order"", he said, as the aggravating features outweighed any mitigating features and ""this cannot be described in any way as a borderline case"".

""You will be in prison for life and there will be a whole life order,"" the judge added.

The court heard victim impact statements from families of the murdered women and the woman he raped.

Lindsey Hicks, Wilkins' sister, addressed Levy directly, saying: ""I hope you rot in prison for the rest of your life.""

She added: ""You, Simon Levy, have destroyed our lives and we will never get over this. Sheryl was a beautiful soul who you cruelly took away in an evil act of crime.

""We should have been growing old together like sisters do and be there to support each other.

""Instead, I'm having to realise that one day in the near future I will be older than my big sister.""

She said the past year had been the ""worst of our lives"" and concluded her witness statement by telling him: ""Know this, you lose.""

Wilkins' mother, Mary Wilkins, said she takes a ""small measure of comfort"" that Levy is now locked up and will never be free again.

She added her daughter ""ended your chances of hurting anyone else"".

During his trial, jurors heard Levy had a string of convictions for attacking women dating back to July 2018, including one carried out against a prison officer in 2022.

Earlier this year, Levy was also convicted of sexually assaulting 11 other women, 10 of them on trains and the Tube in London between 2023 and 2025.

Levy had declined to give evidence during his trial but pleaded not guilty to the two murders, as well as two counts of rape, grievous bodily harm with intent, and non-fatal suffocation against the surviving woman.

After sentencing, Sir Mark said the Met had apologised for its part.

""The concerning aspect for me is the fact he had been caught, he had been charged with offences,"" he said.

""He was repeatedly put by police before the courts seeking he be remanded in custody, saying this man is too dangerous to be on the streets, and between the CPS and the courts, they kept bailing him.""

The commissioner said it was ""not acceptable"" for the ""struggling criminal justice system"" to put dangerous offenders on the street for the police to monitor.

He added: ""We are seeing far too many cases day in and day out - knife carrier sex offenders who have been bailed when a few years ago they had been remanded in custody.""

Mayor of London Sir Sadiq Khan said Valencia-Trujillo, Wilkins and Levy's other victims ""deserved a system that believed and protected them"".

He added: ""Time and time again, opportunities to stop him were missed.

""I am appalled by his crimes and the failures across multiple agencies that could have prevented him from harming, and ultimately killing, more women.""

He said the ""multi-agency failings need a multi-agency review"" and that lessons should be learned and acted on.

""No woman or girl should be, or feel, unsafe in London,"" the mayor added.

In a letter to the director of public prosecution, Nick Timothy, the shadow justice secretary, wrote: ""Levy was free to do this partly because your organisation failed to make the case for this sexual predator to be put back behind bars, in spite of warnings from others.""

Former safeguarding minister Jess Phillips told the BBC there had been a ""litany of failures"".

""Of course it was Levy who undertook that action, but the state could definitely have prevented it so it has to bear that responsibility,"" she told Radio 4.

The Labour MP added that ""an idiot could have seen that [Levy was a risk]"".

Listen to the best of BBC Radio London on Sounds and follow BBC London on Facebook , X and Instagram . Send your story ideas to hello.bbclondon@bbc.co.uk","['Wilkins', 'KC', 'the Crown Prosecution Service', 'CPS', 'Valencia-Trujillo', 'Aylesbury', 'Lucraft', 'Sheryl', 'Tube', 'Met', 'BBC', 'Radio 4', 'Labour', 'BBC Radio London', 'BBC London']",Politics,-0.9995,0.7816983461380005,False
2348777473132149043,https://www.bbc.com/news/articles/c4g360z8d2lo,2026-08-12T15:56:27.063700+00:00,Sun-tanned cauliflowers and knobbly spuds - the heatwave veg that's good to eat,"Would you buy a cauliflower that looks like it's been sunburnt or a cucumber that's curled back on itself?

Farmers across the UK are grappling with one of the driest, hottest growing seasons in decades. Repeated heatwaves after a warmer than usual spring have led to predictions of the worst harvest since records began.

The heat is not only affecting how much produce is grown, but also how it looks.

Retailers usually reject fruit and vegetables that don't meet strict guidelines on size, shape and colour. But with supplies under pressure, many are now expected to loosen those rules rather than risk empty shelves.

That means shoppers could start seeing smaller, wonkier or oddly coloured veg on the shelves in the coming weeks - and sellers and growers say it's still good to eat.

Cauliflower is one of the most affected vegetables in hot weather because it needs lots of water.

Its heads are usually shielded from sunlight by the leaves, but in this year more light is reaching them and turning them yellow.

Emilie Vanpoperinghe, co-founder of Oddbox, a subscription company that sells surplus produce that supermarkets reject, said it is ""purely a cosmetic defect"" and the plants taste exactly the same.

She said Oddbox acquired 6,000 cauliflower heads last week that were too dark for supermarkets to sell.

Growers are reporting that their water reserves are depleted, Vanpoperinghe said, which means the cauliflower and broccoli family of brassicas will experience slower growth, leading to shorter supplies.

That short supply means retailers may soon start stocking ""sun-tanned"" cauliflower because ""their biggest nightmare is empty shelves"", she said. ""They want to make sure that they've got availability of produce all the time.""

Growers are also reporting cucumbers that are coming out misshapen, with some bending back into a spiral.

That is because the plants are grown in greenhouses which overheat in the high outdoor temperatures, causing the plants to become stressed, Vanpoperinghe said.

""Even if they get the irrigation then it's just extreme heat, which means the plant is not able to grow anymore.""

John Harper, a farmer in Worcestershire, grows pak choi for Sainsbury's, Aldi and Co-op, and has discarded more produce than usual this year because of tiny holes made by pests.

Flea beetles thrive in hot, dry conditions, and farmers are no longer allowed to use as many pesticides as before, meaning net covers are Harper's only defence.

Supermarkets' strict cosmetic rules mean ""one tiny little hole can render the plant useless"", he said, but some have temporarily loosened the rules.

""We've been working with them through this hot period and in general they sort of get it,"" he added.

Harper said the vast majority of affected pak choi is still edible - even if ""it seems to be quite tasty"" for the beetles too.

Lucy Munns, a potato farmer in Cambridgeshire, said the hot weather will stunt the root vegetable's growth, leading to oddly shaped tubers that supermarkets and chip shops, which she supplies, wouldn't normally buy.

When the weather gets cooler after a hot period, instead of the main potato tuber growing ""it tends to grow a little knobble on the end"".

""Trying to find people that will accept potatoes like that is very difficult. So that ultimately means a lot of wastage for us,"" Munns added.

""It's criminal, to be honest, to be chucking that much food away.""

Those ""knobbly and misshapen potatoes"" however are absolutely fine to eat, she said.

""The only difficulty is peeling them, but just cut the knobbly bit off and peel it separately.""

Supermarkets including Sainsbury's, Tesco, Morrisons and Waitrose already have dedicated lines for wonky vegetables.

Calum Kelly, Waitrose's produce technical manager, said in demanding weather conditions ""we relax size and shape guidelines for key veg to avoid waste and provide more income to our growers and farmers"".

""Baking potatoes might be a little smaller than usual this harvest if the drought continues. All these veg still taste great, but like many of us in a heatwave, they might just look a little less than perfect.""

Not every gap can be filled this way though. Andrew Opie, the director of food and sustainability at the British Retail Consortium, said supermarkets are also importing more food from abroad as UK supplies run short.

""Retailers face the dilemma of supporting British farmers, but also making sure that we, as customers, have what we expect to buy when we go in the shop,"" he said.

""It's going to be a challenging period right through into the autumn. We're hearing potentially it could affect things like cherries as well.""

British summers are getting hotter and drier as the climate changes and heatwaves like this one are becoming more frequent.

That means a season like this one may become less of a one-off , and more of a preview of what British farming has to deal with regularly.

Many farmers will either have to accept more waste, invest in better irrigation and water storage systems, or find a way to sell more wonky produce to consumers.

Munns, the potato farmer, said more people should try buying imperfect veg if they see it in the supermarket aisle this year.

People should ""be a bit less picky"" about fresh produce, she said. ""We've been too spoilt in the UK … In other less fortunate countries we wouldn't have a choice.""

Get our flagship newsletter with all the headlines you need to start the day. Sign up here.","['Farmers', 'Oddbox', 'Sainsbury', 'Aldi', 'Tesco', 'the British Retail Consortium']",Business,0.966,0.7404415607452393,False
4165682424453548323,https://www.bbc.com/news/articles/c4g3kn216yzo,2026-08-12T15:56:28.708270+00:00,Perseid meteor shower reaches peak: When and where to catch a glimpse,"The best annual meteor shower has once again returned to our skies, and the Perseids dazzling display is set to peak on Wednesday night.

But skywatchers will be treated to not one, but two, impressive astronomical events within just a few hours of each other.

A deep partial solar eclipse will be also visible in the UK in the early evening before the Sun sets and the stars emerge. While the two events are unrelated, their timing makes for an exceptional night of stargazing.

Astronomer Dr Becky Smethurst said it was ""the perfect cosmic coincidence of events"".

Here is when to look up and where you will have the best views of the meteor shower.

Meteor showers happen when the Earth passes through trails of debris from asteroids or comets - a snowball of frozen rock and gas orbiting the Sun.

As that debris enters our planet's atmosphere, it burns up and creates spectacular streaks of light - meteors.

Royal Astronomical Society Research Fellow Dr Becky Smethurst described the Perseids as ""one of the best nights for astronomy all year"".

The Perseids, pronounced 'Per-see-ids', are caused by debris left behind specifically by the Swift-Tuttle comet.

This comet is considered large with its solid core measuring 16 miles (26km) across.

As it takes 133 years to complete a single orbit around the Sun - much longer than our own - some of the pieces of rock we see burning up could have been left behind more than a century ago.

""It's sort of like the Universe's own cosmic clock in a way,"" Smethurst said.

These meteors are visible all around the world and named because they appear to originate from the constellation Perseus.

The Perseids is active from mid-July to 23 Aug this year, but on most nights the shower will only display a few meteors each hour.

But the best time to watch is on the peak nights, which this year is in the early morning hours between midnight and dawn on 12 and 13 August.

At this time there will be many, many more meteors. If you are really lucky, you could see more than 100 'shooting stars' per hour.

If possible, choose somewhere away from cities and artificial light. Light pollution will hide the fainter meteors, leaving only the brightest ones visible.

This year could offer especially good viewing conditions because there is a new moon, meaning there will be no bright moonlight.

Give your eyes around 20 to 30 minutes to adjust to the darkness and look towards the widest unobstructed area of sky possible.

For most of England and Wales, stargazers will have largely clear skies throughout the night with just a small chance of one or two mist patches.

If you plan to stay up late in the very far north of England, Northern Ireland or much of Scotland you may need to employ a little more patience.

While some cloud breaks are expected, there will be large areas of cloud at times and even the risk of one or two showers.

For those in north-west Scotland, an early night might be a better option.

The forecast may yet change so keep checking with BBC Weather for the latest details.

During an eclipse, the sky darkens offering a short window to also see the Perseids at the same time.

But this will only be in the areas witnessing a total eclipse - like Spain - and not in the UK where only a partial eclipse will be witnessed.

But even there, the chances are extremely slim, ""you would have to get very, very lucky to see a shooting star during the total eclipse,"" Dr Smethurst said.

Remember for a solar eclipse you must use certified solar glasses - looking directly at the sun without proper eye protection can cause permanent eye damage.

Get our flagship newsletter with all the headlines you need to start the day. Sign up here.","['Perseids', 'Sun', 'Meteor', 'Royal Astronomical Society Research', 'Universe', 'Smethurst', 'BBC Weather']",Entertainment,0.9968,0.7644509077072144,False
7793701177621928620,https://www.bbc.com/news/articles/c4g64152v71o,2026-08-12T15:56:32.291589+00:00,"Raw images, no filters: Why MySpace fans want it back as relaunch hinted","For Monticah Hawkins, a 31-year-old real-estate agent in Atlanta, MySpace wasn't just a website – it was a ritual.

""You could be authentic on MySpace,"" she says. ""Upload raw images, no filters. You could have snot coming out your nose and nobody would judge.""

MySpace, once the world's biggest social network, is flirting with a comeback. Its owners, brothers Tim and Chris Vanderhook, say they plan to relaunch the platform, though no date or product details have been announced.

A spokesperson for Viant, which owns MySpace, says the company does not have any updates to share ""at this time.""

But just the idea of a comeback has stirred nostalgia among people who remember the MySpace days of more than 20 years ago as a place where personal pages were messy, loud, and deeply individual.

It has also caught the attention of creators like Melissa Kristin, a TikTok star with more than 900,000 followers, who grew up on MySpace and remembers it as a more personal digital space.

""It was all very much your own little world, your own corner of the internet,"" Kristin says.

That sense of autonomy shaped how she expresses herself online today, and she believes that a revived MySpace should avoid the algorithmic, pay-to-play dynamics that dominate modern platforms.

""It would be best served for personal connection rather than performance,"" she says.

""Just to recapture that high we felt as millennials when we got all the friend requests and comments. It helped us feel connected.""

MySpace launched in 2003 and quickly became a cultural hub, helping artists like Arctic Monkeys, Adele, and Nicki Minaj find early audiences.

But its highly customised pages, auto-playing music, and busy layouts eventually became a liability.

Facebook's cleaner, simpler design pulled users away, and MySpace struggled through redesigns and ownership changes before fading from mainstream use.

Marketing experts say any comeback will depend on learning from that history.

Dr Alexa Fox, a marketing professor at the University of Akron, says the platform was a ""first mover"" in social media, but one that became too complex for many users.

She believes MySpace's original strengths – music, creativity, and personal expression – could still resonate, but only with more accessible design.

""It could be more user-friendly, with less coding involved,"" she says.

Alex Mills, a social media strategist who has led campaigns for Spotify and Adobe, says the very thing people are nostalgic for, a feed without algorithms, was also ""the thing that killed it.""

""People still want a feed,"" Mills says. ""They just want a better one than the ones optimising for rage bait.""

Kevin McClary, head of performance marketing at Gorilla 76, believes MySpace should not try to compete directly with Meta, TikTok, or X.

""They can be successful and sustainable even as a niche platform,"" he says, arguing it should be rooted in 2000s culture.

McClary says leaning into MySpace's music identity could be a smart move, from profile songs to 2000s-themed festivals and merchandise.

He believes the audience could be broader than former users, with younger generations embracing the early-2000s aesthetics they never experienced firsthand.

""You see younger generations now buying old point-and-shoot digital cameras, MP3 players, even film cameras,"" McClary says. ""They clearly have an interest in the past.""

MySpace could meet users where that trend is growing by becoming a place rooted in a ""specific time,"" he says. He noted that creators making 2000s-style content on other platforms are often at the ""mercy"" of algorithms.

Fox agrees that differentiation is essential.

""MySpace shouldn't hang their hat on features other platforms already dominate,"" Fox says, pointing to Reels and short-form videos.

Popular formats can be added, she says, but they should not define the platform.

She also sees an opportunity to offer a calmer experience. Today's feeds, she notes, are ""algorithmic-driven AI, constantly in your face.""

A platform where users have more control, or simply feel less overwhelmed, could stand out in a crowded market.

For fans like Hawkins and Kristin, the appeal is emotional as much as practical. Both say they would return if MySpace kept its original spirit.

For now, its comeback exists mostly as a promise – a reminder of a time when social media felt a little less polished and a lot more personal.

""Are you still gonna have that same feeling?"" Hawkins says. ""Are you still gonna feel like, 'oh my god, somebody loves me?'""","['MySpace', 'Viant', 'TikTok', 'the University of Akron', 'Spotify', 'Adobe', 'Meta', 'Fox']",Tech,0.9972,0.8319251537322998,False
3957212284349572514,https://www.bbc.com/news/articles/c4gdxyjnz3do,2026-08-12T15:56:33.677799+00:00,Three ways to watch the solar eclipse safely without glasses,"With most online orders not able to arrive in time and shops running out of stock, it may be too late to buy eclipse glasses for Wednesday evening.

But you can still safely watch the spectacle using some household items.

People in the UK will see a partial eclipse - rather than the total eclipse that will be seen in parts of Spain, Greenland and Iceland - but it is the country's most significant eclipse since 1999.

Experts say enthusiasts should not look directly at the Sun without specialist glasses.

And you shouldn't be tempted to try using sunglasses or dark goggles instead.

They often don't give enough UV protection when looking directly at the Sun and you could end up seriously damaging your eyesight, according to The Royal Astronomical Society.

Here are some viewing methods to try instead.

The astronomy group suggests creating a pinhole projector, which can be done by making a hole in a piece of card. You can use the tip of a ballpoint pen to push through the centre of it.

Holding the card in one hand and a blank piece of paper in the other, face away from the Sun.

Then line the card and paper up so that an image of the Sun becomes visible on the paper.

This pinhole projector will show you the shadow being cast on the Sun replicated in miniature.

Instead of straining vegetables and pasta, you can use a colander to achieve a similar effect to that of the pinhole projector.

Eye specialist David Jones, consultant ophthalmologist at the Royal Cornwall Hospitals Trust, says this is his favourite way of witnessing an eclipse.

""If you hold the colander to the Sun and you look away from the Sun, protecting your eyes, you can make not just one picture of the Sun but a hundred all at once.""

Demonstrating the technique in a video on social media, he clutches a blank piece of paper behind the colander he is holding up.

It creates a kaleidoscope of images showing the Sun and the shadow cast on it during the eclipse.

An empty cereal box is ideal for making a pinhole viewer. It works similarly to the projector but should provide a clearer image.

This is because the cardboard box blocks out the surrounding sunshine and allows in only light from the direction of the eclipse.

Cut out a piece of paper that fits the bottom of the box. Open the top of the box and tape the cutout to the bottom. This will be the screen on which you see the eclipse.

Close the box and tape it shut. On one half of the top of it, cut out a small square so you can see the paper at the bottom with one eye.

On the other half, cut out another small square to match. Cut out a piece of foil that is large enough to cover this square.

Tape it down over the square and use a pin or needle to poke a hole in the middle of the foil.

Standing with your back to the Sun, use one eye to look through the open square.

Once you've lined up the hole in the foil with the Sun, you should see an image of it on the screen at the bottom. This is where you'll see the eclipse too.

You might be tempted to watch or film the eclipse using your mobile phone, either by pointing it at the Sun or taking a selfie video, but Nasa advises against this.

""To take images when the Sun is partially eclipsed, you'll need to use a special solar filter to protect your camera, just as you'll need a pair of solar viewing glasses (also called eclipse glasses) to protect your eyes.""

They also say sensors in your phone could be damaged if pointed directly at the Sun.

""This is especially true if you're using any sort of magnifying lens attachment on the phone.""

When the partial eclipse becomes visible in the UK and mainland Europe on Wednesday, it will be in the evening so it will take place low in the sky.

For a better view, the Royal Astronomical Society advises you try standing somewhere more elevated than the area around you ""with a clear view of the western horizon"".

Whatever you do, don't look directly at the Sun.

Get our flagship newsletter with all the headlines you need to start the day. Sign up here.","['Sun', 'The Royal Astronomical Society', 'the Royal Cornwall Hospitals Trust', 'Nasa', 'Royal Astronomical Society']",Tech,0.9878,0.7876093983650208,False
2344354972034855677,https://www.bbc.com/news/articles/c5y3egv4m4mo,2026-08-12T15:56:37.296023+00:00,Burnham warned Iran war could hit UK growth next year,"Andy Burnham has been warned that the UK economy could barely grow next year if disruption in the Strait of Hormuz continues until the end of 2026.

Treasury sources have confirmed that internal modelling presented to the new prime minister and chancellor suggests UK GDP growth could be as low as 0.3% in 2027, as first reported by Bloomberg.

Government officials say they routinely plan for all possible scenarios.

The UK economy saw a strong start to the year, but growth then faltered with the conflict in the Middle East affecting some businesses. The Iran war has pushed up oil and fuel prices, and also disrupted supply chains.

On Thursday, official figures will show how much the economy grew between April and June of this year.

Economists are expecting growth of 0.4% for the three months.

Burnham and Chancellor John Healey were presented with a reasonable worst-case scenario of the Strait of Hormuz remaining effectively closed for the next five months, and no permanent US-Iran peace deal until the new year.

The Treasury modelling for that scenario was that the UK economy would grow by 0.9% over 2026 - slightly under the 1.1% forecast by the Office for Budget Responsibility (OBR) in March.

The prospect was much dimmer for next year, with just 0.3% growth projected - much lower than the OBR's 1.6% forecast for 2027.

Under the modelling, inflation would peak at 4.3% in the first three months of next year. It currently stands at 2.6%, just above the Bank of England's 2% target.

The prime minister and chancellor will face pressure to use the upcoming Budget on 28 October to ease the financial burden on households and businesses.

Since taking office three weeks ago, Burnham has announced policies including the removal of VAT from domestic electricity bills and bringing forward an already planned end to ""subscription traps"".

But this week he told the BBC's Wake up to Money the announcements, aimed at tackling the cost of living, are not enough on their own , hinting at further support.

He has asked Healey to look at what more the government can do on the cost of living in the Budget, with the chancellor saying it will be his ""main focus"".

But Healey has said he will oversee ""strong fiscal discipline"" – which will limit how much the government has to spend.

Burnham has said his government will stick to the party's 2024 manifesto pledges not to increase people's income tax, VAT or National Insurance contributions.

He also promised to follow the fiscal rules imposed by former Chancellor Rachel Reeves, which include a pledge to balance day-to-day spending with tax revenues by the end of the decade.

Sign up for our Politics Essential newsletter to keep up with the inner workings of Westminster and beyond.","['Treasury', 'the Office for Budget Responsibility', 'OBR', ""the Bank of England's"", 'Budget', 'Burnham', 'VAT', 'BBC', 'Healey', 'National Insurance', 'Politics Essential']",Business,0.9465,0.7737420797348022,False
4610066662575124044,https://www.bbc.com/news/articles/c5yw9d2212xo,2026-08-12T15:56:40.440981+00:00,"Send foreign prisoners abroad to end early releases, says Reform","Reform UK leader Nigel Farage has proposed that all foreign prisoners are sent to serve their sentences abroad in order to scrap Labour's early release scheme.

Farage said his party was exploring options with third countries over renting prison spaces, including El Salvador, which he said Reform chairman Lee Anderson would visit soon for initial talks.

Reform said removing foreign nationals from the prison estate, as well as building emergency ""Nightingale"" prisons, would enable changes to be made to sentencing laws so that serious criminals serve out their full terms.

Labour said the plan ""does nothing"" for the current situation as it would take years to arrange renting prison places overseas.

Under Reform's plans, foreign criminals handed non-custodial sentences would be deported to their country of origin.

Those with custodial sentences would serve all of it out in their home country, or a third country offering rented prison spaces if they refuse to take them.

The party has previously suggested Kosovo and El Salvador as possible options, with Farage suggesting on Monday that Estonia and Lithuania could be looked at.

There were 10,134 foreign nationals held in custody in England and Wales at the end of June, representing 12% of the total population.

Reform claims its proposals for foreign prisoners would free up more than 10,000 prison spaces, but its policy document does not explain whether it would apply to remand prisoners awaiting trial, which make up around a third of that number.

Both Farage and home affairs spokesperson Zia Yusuf did not address this point when asked to do so at a press conference to unveil the plans on Monday.

Last year, Farage said El Salvador was an ""extreme example"" of a country where the party could send foreign prisoners.

On Monday, he played down accusations of human rights abuses in the Central American country, saying: ""Not all of the prisons are cages.""

El Salvador has the highest incarceration rate in the world, following a government crackdown on gang-related crime, and is home to the notorious mega-jail, the Center for the Confinement of Terrorism (Cecot).

Reform says an agreement would require El Salvador to adhere to ""British standards on size, lighting, heating, ventilation and fittings, and require daily open air time"".

Farage added: ""To house a foreign national offender in El Salvador will be half the cost of housing a foreign national offender in this country, and will give us more prison spaces.""

The party said on completion of their sentence, foreign national offenders would return to their home country and be barred from re-entering the UK.

The party has not set out a budget for this scheme, saying instead that deals to send prisoners abroad would save on the ""billions of pounds"" it currently costs the government to house them in the UK.

Other countries have pursued similar arrangements - in 2021, Denmark agreed to pay Kosovo an annual fee of £12.8m for an initial five-year period to rent 300 of their prison spaces.

It comes as the government comes under increasing pressure over its early release scheme, which is now due to start in October in England and Wales when the first batch of a total 5,000 prisoners are due to be released.

Last week, Andy Burnham announced that prisoners convicted of rape, grooming, and serious child sex offences would be excluded from the scheme, adding that he wanted to exclude more but prison overcrowding prevented this.

Two of PC Andrew Harper's killers, Jessie Cole and Albert Bowers, remain eligible to be freed halfway through their 13-year sentences after they were convicted of manslaughter in 2020.

On Monday, Downing Street said it was ""not possible"" to exempt ""one or two offenders"" convicted of manslaughter from early release.

Farage said that ""Labour have inherited a very, very difficult situation"" from the Conservatives, but added: ""They don't appear to have the imagination or the will to solve it.""

Deportation automatically applies to foreign nationals who are sentenced to at least 12 months in prison, though there is an appeals process.

The UK returned 5,858 foreign national offenders in the year ending March 2026, up 13% on the previous year and the highest observed since 2017, according to the latest Home Office figures.

A further 15 countries were added to the Home Office's ""deport now, appeal later"" scheme last year , allowing the government to send foreigners who commit crimes in the UK back to their home countries before they can appeal the decision.

As well as freeing up places, Yusuf said: ""There will be a lot more people in prison under a Reform government.""

He added that ""killers, rapists and thugs will never be released a day early"".

The party claims that its proposed law changes, including reinstating short sentences for shoplifters and ensuring serious offenders serve out their full terms, would increase the prison population by 18,000.

This would be covered by the 22,000 places made available under Reform's deportation and Nightingale plans, the party says.

Reform UK has pledged to build 12,400 new places in Nightingale prisons on Ministry of Defence land within 18 months of forming a government, at a cost of £5bn over the next Parliament.

The Nightingale label is a reference to the network of emergency temporary hospitals set up during the Covid pandemic.

The prison population in England and Wales on 3 August was 86,495, which was 97% of useable capacity.

The Ministry of Justice has warned the prison population will overtake capacity as soon as this November.

Labour said Reform's proposal was not a ""serious prison plan"", adding: ""Nigel Farage knows full well that renting prison places overseas would take years to arrange and does nothing to tackle the pressures we face now.""

A spokesperson for the party said Labour was building 14,000 additional places and had removed 10,000 foreign criminals since the 2024 election, up 36% on the previous 21 months.","['Labour', 'Reform', 'Farage', 'the Center for the Confinement of Terrorism', 'Downing Street', 'Home Office', ""the Home Office's"", 'Nightingale', 'Ministry of Defence', 'Parliament', 'The Ministry of Justice']",Politics,-0.999,0.7502034306526184,False
2804137101759846636,https://www.bbc.com/news/articles/c5ywqp5z5yzo,2026-08-12T15:56:42.242798+00:00,Marmots facing money troubles turn to OnlyFans,"Marmots - chubby, ground-dwelling squirrels - are the latest stars on the adult platform OnlyFans.

That's thanks to the efforts of Colorado-based biologist Dr Daniel Blumstein, the head of a long-running field study on marmots, who was worried about its financial future after federal funding to universities was cut.

Blumstein told the BBC he recently launched an account on OnlyFans, which is known mostly for sexually explicit content, and began posting ""uncensored marmot content"" in ""an act of desperation"".

This content is family-friendly videos of the rodents scurrying around and popping out of their burrows, which so far has generated more than $5,000 (£3,712).

After OnlyFans takes its share, the UCLA-affiliated Rocky Mountain Biological Laboratory in Colorado will make about $4,000.

The Marmot Project, which has been running for more than 60 years, is the second-longest study of individually identified mammals in the world, after Jane Goodall's chimpanzee study in Tanzania.

It studies the yellow-bellied marmot, one of the 15 recognised species of marmot found in the Northern Hemisphere.

Because the species is neither threatened nor endangered, it helps scientists to understand the factors that drive population changes, according to the lab.

Blumstein said long-term studies such as these are really effective but, despite this, he has been unable to secure federal support.

While the lab will probably not be able to generate enough money through OnlyFans to save the project from spending cuts, he believes raising awareness about their work is also important.

The OnlyFans idea came to him when he sat in a meadow waiting for some marmots to pop out of the ground.

Blumstein had recently watched the TV show Margot's Got Money Troubles, where Elle Fanning's character starts an OnlyFans account to support herself as a single mother.

""Marmots' got money troubles,"" he thought to himself. ""Maybe we should do something a little risqué"".

He raised the idea with his lab students, and they came up with the name OnlyMarms. One student helped him set up the account.

That's when he hit a slight snag. He had to upload a photo of his driver's licence to verify his identity. But the platform flagged that he did not look like the account's profile photo of a marmot. A quick email exchange cleared the way for them to start posting videos.

On OnlyMarms, users can see the Rocky Mountain marmots in their natural habitat. They aren't as social as their alpine counterparts, Blumstein said, and the female marmots get grumpier as they age.

In one video, a female marmot chases away a male who got too comfortable in her burrow. In another, a female is dubbed ""the queen of the town"" as she is caught on camera in the sun.

The lab doesn't give their subjects human-sounding names, in an effort to avoid bias in their research. Instead, they mark the rodents with dye and call them things like ""dans_hat"", ""open_kite"" and ""Citroën"".

The scientists have also launched Fat Marmot Week, styled after Fat Bear Week, where the public can vote for their favourite rotund rodent in a bracket-style tournament at the end of August. As hibernating animals, marmots put on weight before winter.

""It's fun to root for the chunkiest marmot, but behind the fun and games is a deathly serious competition against nature to pile on fat to survive the long, cold winter,"" Blumstein said in a press release announcing the tournament.","['BBC', 'UCLA', 'Rocky Mountain Biological Laboratory', 'The Marmot Project', 'Got Money Troubles', 'OnlyMarms', 'Fat Marmot Week', 'Fat Bear Week']",Tech,0.974,0.6706308126449585,True
3312171021566365004,https://www.bbc.com/news/articles/c75g9777wwxo,2026-08-12T15:56:48.595520+00:00,"Zhu Rongji, who helped turn China into a trading giant, dies at 97","Former Chinese Premier Zhu Rongji, who spearheaded China's entry into global trade and laid the foundation for its explosive growth, has died at the age of 97.

He served in the country's second-highest office from 1998-2003 and played a leading role in securing its entry into the World Trade Organization, opening Chinese factories to the international market and drawing foreign investment.

He was one of the most important economic reformers who moved local tax powers to the central government, closed or privatised failing state firms and promoted home ownership.

Many in China remember him as a tough and pragmatic leader who delivered double-digit growth and was rarely afraid to speak his mind.

In 1998, he said China was facing ""many potential crises that could erupt at any time...

""Ordinary people are discontent about us in many ways. Especially, there is corruption among officials, the gulf between rich and poor and the way some local officials act like tyrants.""

He labelled rogue bankers as ""half-wits"" and said the dams and flood dykes lining the Yangtze River were as ""flimsy and porous as tofu dregs"".

Under his leadership, which helped stabilise the economy and tackle corruption, China began transforming into a manufacturing powerhouse, leaving behind its status as a Communist outsider.

Though he faced criticism because those reforms also led to 30 million lay-offs over five years, and with huge growth came more inequality.

Chinese state media describe Zhu Rongji's life as one of ""revolution, struggle and brilliance"".

He was born in the central province of Hunan in 1928 and earned a degree in electrical engineering before joining the civil service.

He joined the Communist Party in 1949, but was purged twice - first after criticising Mao Zedong's economic policies as ""irrational"" and being labelled a ""rightist"", and again during the Cultural Revolution.

Zhu was brought back into the fold after Mao's death, and by 1991 had risen to the role of vice-premier in charge of China's economy.

He took the role of premier seven years later.

Zhu led China through difficult negotiations to enter the World Trade Organization in 2002.

In state media his obituary described him as an ""outstanding member of the Communist Party of China and loyal Commnist fighter... an outstanding leader of the Party and state"".","['the World Trade Organization', 'the Communist Party', 'the Communist Party of China', 'Party']",Business,0.9477,0.866825520992279,False
115650591352096786,https://www.bbc.com/news/articles/c75gvyk6d4yo,2026-08-12T15:56:50.627909+00:00,Deepfake victim urges better regulation of 'dangerous' AI,"A woman whose modelling photographs were used to create sexually explicit images without her consent is calling for better regulation of artificial intelligence (AI), saying: ""It's dangerous.""

Georgia Horton said she was horrified after discovering pictures taken from her social media accounts had been manipulated using AI to create pornographic images.

And the person responsible was someone she knew - old college friend Ethan Orchard.

Orchard, from Southsea, was jailed for three years and four months in July after creating and sharing fake explicit images of Georgia and two other women.

Orchard had also posted violent and sexually explicit fantasies about the women online and asked other men to share theirs.

""He would make people choose between us, or ask what they wanted to do to us,"" said Georgia.

""One of the posts was, 'What would you do if you had five minutes alone with her?' And it got so much worse from there.

""The worst one I saw was, 'Would you save her? Would you rape her? Or would you sell her?'.""

Georgia and Orchard had attended college together in Hampshire and she had believed they were friends, she told the BBC.

She said she was speaking publicly about her experience now in the hope of raising awareness of what she describes as the ""darker side"" of artificial intelligence.

""Everyone seems to be so pro-AI, thinking it's just a bit of fun on a computer screen,"" she said, adding: ""But it's dangerous.""

Earlier this year, new legislation was introduced, making it a criminal offence to create sexually explicit deepfake images of a person without their consent.

The law builds on existing offences covering the sharing of non-consensual intimate images of adults.

Georgia said while ""it's a start"", the legislation does not go far enough.

She said: ""When I heard the law had been introduced, I was so relieved. My case was still going through the courts and we were all pleased to see that progress.

""But it's now come to a standstill.

""The technology to make these images and videos is still out there and still widely available.

""There needs to be more regulation and much tougher safety features built into the programmes themselves.

""The big tech companies say they're tightening safeguards but you can still get around them with just a few changes to the prompts.

""Self-regulation isn't working. It's also becoming much easier for people to create their own AI models and those are completely unregulated.""

The Department for Science, Innovation and Technology said it was taking the issue seriously.

A government spokesperson said: ""The creation and sharing of non-consensual sexual deepfakes is utterly vile and we will not allow abusive images to spread online.""

They added: ""The law also makes clear [that] it is illegal to create, possess or share child sexual abuse material, including AI-generated content, and platforms must proactively identify and remove it.

""We're holding tech companies to account, from forcing platforms to remove non-consensual intimate images within 48 hours of a report, to holding company bosses personally liable when they fail to comply with Ofcom's decisions on intimate image abuse.""

During the police investigation into Georgia's case, officers uncovered what they described as a ""truly horrifying"" website containing more than one million child sexual abuse images.

Georgia urged parents to be more vigilant about sharing photographs of their children online.

""Photos of children being posted online should be banned,"" she said.

""There are so many predators out there and you really don't know who is seeing those pictures.

""It only takes one photo to be put through AI and limitless images can be created. The damage that can be done is enormous.""","['Southsea', 'BBC', 'AI', 'The Department for Science, Innovation and Technology', 'Ofcom']",Tech,0.9353,0.7210901975631714,True
8769808909558385548,https://www.bbc.com/news/articles/c78gr0jv0mdo,2026-08-12T15:56:58.321606+00:00,Wall Street giants hand Nvidia $500bn to fund boom in AI projects,"Nvidia has teamed up with some of Wall Street's largest banks and investors to raise $500bn (£370bn) in capital for artificial intelligence infrastructure.

The chipmaker said it had struck deals with Apollo, BlackRock, Blackstone, Brookfield, Goldman Sachs and KKR, and that the investors were for the first time treating AI hardware and infrastructure, often referred to as ""compute"", as an asset class.

""In AI, compute is revenue,"" Nvidia chief executive Jensen Huang said. ""We are bringing the world's leading long-term capital providers together to independently underwrite AI infrastructure.""

The financing will go towards Nvidia's own projects and those being built by its partners.

Infrastructure projects backed by this fund will likely include the construction of new data centres to house, operate, and cool miles of stacked computer chips that process AI data and actions.

It will also back new factories to manufacture the AI chips needed to power these systems and increase their availability to buyers.

""Compute has become a critical infrastructure asset,"" Joe Bae and Scott Nuttall, co-chief executives of KKR, said in a joint statement. ""As we've scaled our approach to digital infrastructure, we've learned that delivery, not ambition, is the hard part.""

Essentially every major technology and AI company uses Nvidia's computer chips, or graphics processing units (GPUs), to power their services, AI platforms and AI chatbots.

""Nvidia is absolutely enormous and produces these chips that everybody needs for AI and it needs to keep facilitating the growth of AI,"" Jane Sydenham, senior investment manager at Rathbones, told the BBC.

However, she added: ""The worry is that more and more money is going into these projects. Are they all going to earn the right return for the future?""

Companies using Nvidia's popular chips or GPUs include Google, Meta, Amazon, Microsoft, SpaceX, Tesla, OpenAI and Anthropic.

Such companies have collectively spent over $1tn in just three years on AI projects and infrastructure, with much more spending expected. And their demand for Nvidia's chips and services has driven the stock market value of the company up fivefold in three years.

In a statement on Monday, Huang referred to Nvidia's role as a chip-maker as the company's beginning.

""Today, we are helping create a new class of productive, investable infrastructure: AI factories,"" he said.

With a new ability to tap some funding from the banks and investors partnering with Nvidia, they will be able to finance more of the AI boom.

Jim Zelter, president of Apollo, a lender which manages more than $1tn in assets, said: ""Modern compute has emerged as a scarce, mission-critical asset class.""

It is also ""positioned to drive significant long-term economic growth and productivity gains"", Zelter added.

BlackRock last month entered into an individual deal with Meta to finance and take a majority ownership stake in one data centre in Texas.

Anthropic also recently entered into a deal with Macquarie Asset Management and GIC, a sovereign wealth fund in Singapore, for its own investment in AI infrastructure.

The company did not specify the size of the deal, but said more financing was needed as its popular chatbot Claude had become so popular that the ""demand requires significant new compute"".","['Apollo', 'BlackRock', 'Blackstone', 'Goldman Sachs', 'KKR', 'AI', 'Nvidia', 'Compute', 'Rathbones', 'BBC', 'Google', 'Meta', 'Amazon', 'Microsoft', 'Tesla', 'Macquarie Asset Management', 'GIC']",Business,0.9688,0.7951829433441162,False
1752803949034008387,https://www.bbc.com/news/articles/c8rn42jp7d6o,2026-08-12T15:57:11.488793+00:00,Homes near pylons to get £250 a year off energy bills – first sites revealed,"The first locations where households living close to new upgraded electricity pylons and substations will receive a £250 annual discount on their bills have been revealed.

Customers living within 1,600ft (500m) of 43 transmission projects across Britain will be eligible for the payments for up to 10 years under the bill discount scheme, sometimes dubbed ""pounds for pylons"".

UK ministers say replacing and upgrading decades-old infrastructure is vital for distributing renewable power and improving energy security.

Critics, however, argue the discounts are meagre compensation for the impact on their homes, neighbourhoods, and the environment.

About two-thirds of the projects are in Scotland, to support the fast-growing wind energy sector.

But major upgrades are also planned across Britain, including areas north of London, as well as East Anglia, the Midlands, and North Wales.

UK Energy Minister Michael Shanks told BBC Radio Scotland Breakfast the UK's power infrastructure had undergone decades of ""woeful underinvestment"".

He said he understood the objections of those living nearby, but added the pylons were ""crucial"" to ensure the National Grid maintained future resilience.

""I totally accept that people might not like that, but it is critical national infrastructure and it has to be built somewhere,"" he said.

""Building any kind of infrastructure in these communities does cause disruption. But that doesn't mean we shouldn't build any kind of infrastructure and I'm afraid in this country, for too long, we have taken that view, and the result is that we have been held back by not having the infrastructure the country needs.""

Shanks added: ""Either we go through decades of not upgrading the grid and take the risk that the grid will actually fail, but we also lose the opportunity of cheaper bills, homegrown power connecting.

""We're not prepared to take that risk.""

The Department for Energy Security and Net Zero says Britain's electricity grid was largely designed for an era when power came from coal and gas-fired power stations, and now needs major upgrades to cope with growing amounts of renewable energy.

Ministers say the lack of capacity means some wind farms are sometimes paid to switch off because there is not enough network infrastructure available to carry the electricity to homes and businesses that need it.

Greg Jackson, chief executive of the UK's biggest domestic energy supplier, Octopus Energy, said the electricity system is inefficient, brittle and expensive.

He told BBC Radio 4's Today programme the discount scheme was a ""positive first step"", adding that last year the UK spent more than £1bn paying wind farms to turn off on windy days.

""We should just be giving that electricity more cheaply to the people and businesses who live in the areas where we're generating it,"" he said.

""By doing that, you'd be able to stop wasting that money and instead put the electricity to use cutting bills for those people. But crucially cutting bills for everybody else as well because it's less wasteful.""

Approximately 80p a year will be added to all energy bills to fund the discount scheme.

Most households that qualify will receive the discount automatically on their electricity bill every six months although some, such as those on commercial meters, may need to apply.

The first payments will start early next year, when eligible customers will receive more information from their supplier or the energy regulator Ofgem.

An assessment earlier this year estimated that between 120,000 and 160,000 households could eventually receive the discounts as more projects are rolled out.

Rural campaign groups argue it is impossible to put a price on the loss of landscapes, and some residents living close to proposed projects say the money being offered is an insult.

Kate Matthews of the Save Our Mearns campaign group, fighting plans for upgraded pylons in north-east Scotland including the Kintore to Tealing project, said the discount scheme was an insult.

She said: ""£2,500 off electricity bills over 10 years is a slap in the face for residents facing ruined businesses and unsellable homes.

""This government is either massively out of touch or is showing their contempt for affected residents and energy consumers.""

Matthews said the plans had already caused ""mental anguish"" for residents who now faced a decade of development that would lead to noise, road closures, and heavy traffic.

""Then a lifetime of pylons impacting on their environment, agriculture, tourism, property values, physical and visual amenity to name a few,"" she added.

The size of the pylons will vary depending on location and purpose, but in north east Scotland some the proposed latticed structures are about 187ft (57m) tall.

They would be similar in appearance to the already upgraded line running from Beauly to Denny where the pylons range from 138ft (42m) to 213ft (65m).

Many of projects involve a mix of underground and pylon supported cables, as well as sub-stations, converter stations, and equipment used in electricity transmission.

Campaigners have called for greater sections of the network to be ""undergrounded"".

But National Grid and transmission companies argue this would be significantly more expensive and make it harder to carry out repairs.","['BBC Radio', 'National Grid', 'The Department for Energy Security', 'Octopus Energy', ""BBC Radio 4's""]",Business,-0.7449,0.745948314666748,False
559470090934319738,https://www.bbc.com/news/articles/c8rnmdy4enpo,2026-08-12T15:57:14.774444+00:00,Two people convicted in relation to death of French streamer,"Two people in France have been convicted of aggravated violence, following an investigation into the death of a French streamer known for extreme challenges.

Raphaël Graven, 46, died in a village near Nice in August 2025. His death was live broadcast on the streaming platform Kick.

The internet personality was routinely subjected to humiliation and abuse in his content, which the convicted men, Safine Hamadi and Owen Cenazandotti, said occurred with his consent.

Hamadi and Cenazandotti have each been issued suspended prison sentences for their role in Graven's death, and ordered to pay fines of €5,000 (£4283) and €15,000 (£12,848) respectively.

Neither man was charged with the manslaughter of Graven, also known as Jean Pormanove, after the prosecution said probable causes of death appeared to be related to his poor health and fragile heart.

The court also acquitted them of abusing Graven's psychological frailty, as he had told police prior to his death that he had consented to the stunts, Hamadi's lawyer told Reuters.

Hamadi, who expressed remorse during the trial, received an 18-month suspended prison sentence. Cenazandotti received a two-year suspended prison sentence.

Both men have been banned from posting on Kick for six months.

Kick, the streaming platform, remains under investigation by French authorities. In a statement to the New York Times on Thursday, it said it was not a party to the proceedings against Hamadi and Cenazandotti, and had no comment on the outcome.

It added: ""The ruling relates solely to two individual content creators.""

Graven had more than one million followers across his various social media platforms and had built a strong community on Kick.

During broadcasts on the platform, other streamers would regularly subject the 46-year-old to acts of violence and verbal humiliation.

Graven was found dead in Contes, a village north of Nice, in August 2025. Local media at the time reported that a livestream on 18 August showed the man lying lifeless on a mattress covered with a duvet.

The video has since been removed from Kick.","['Reuters', 'Cenazandotti', 'the New York Times']",Entertainment,-0.9978,0.878282368183136,False
8528585809254163247,https://www.bbc.com/news/articles/c9347ezzwljo,2026-08-12T15:57:17.519472+00:00,Wisconsin result dents winning streak for Democratic Party's left wing,"David Crowley is projected to have won a primary election to become the Democratic candidate for Wisconsin governor, in a surprise comeback victory that dents a winning streak for the party's left wing.

Crowley, the more centrist candidate, won a narrow victory over Francesca Hong, according to a projection by the BBC's partner, CBS News.

Anti-establishment Democrats across the US had previously notched up victories that have rattled the party leadership in Washington. That trend did continue in another closely-watched Democratic contest in Minnesota.

But in Wisconsin, the governor's race in November will be contested by Crowley and Tom Tiffany, who easily won the equivalent Republican contest.

Crowley, the chief executive officer of the state's Milwaukee County, had a lead of less than half a percentage point over Hong with almost all votes in the Democratic contest counted, according to CBS.

In the early hours of Wednesday, he posted on X to say it was time to ""get to work"".

Crowley reiterated that his missions were ""making life more affordable, strengthening our schools, creating good-paying jobs, and making sure opportunity reaches every corner of our state"".

His new opponent Tiffany, meanwhile, currently serves as a US congressman and has the backing of US President Donald Trump.

Tiffany has also highlighted affordability issues, running on a platform that includes lowering taxes, supporting farmers and improving healthcare.

The state's political matchups are expected to be closely fought during November's midterm elections, which have also wider implications for the control of the US Congress.

The Hong-Crowley contest for the Democrats was just one of several closely-watched races that were held on Tuesday, and there was good news elsewhere for those on the party's left wing.

In neighbouring Minnesota, candidate Peggy Flanagan secured the Democratic nomination for the upcoming US Senate race, defeating her more centrist opponent Angie Craig.

Meanwhile in Connecticut, there was a continuation of a different trend that has been witnessed in Democratic primaries across the country - with a challenger candidate unseating a long-term incumbent. Luke Bronin defeated John Larson, who has served 14 terms, to become the candidate for a House seat.

And in South Carolina, Darline Graham Nordone advanced to a run-off vote later this month in a special Republican primary for the US Senate which was held following the death of her brother, Senator Lindsey Graham. She will face off against Democrat Annie Andrews to fill the vacant seat.

Crowley's comeback in Wisconsin was all the more unexpected to many observers, given that he briefly dropped his bid last month in order to support a rival, and at one point trailed Hong by a double-digit margin in pre-election polling.

But he enjoyed a late surge having re-entered the race with the backing of Tony Evers, the state's current governor.

Hong, a Wisconsin state assemblywoman, a single mother and a former chef, was believed by many observers to be the frontrunner as she entered election day in what proved to be a crowded Democratic primary.

She aimed to become the first democratic socialist to govern the state. However, some of her historical comments raised questions about whether she could have beaten her Republican opponent.

Hong faced particular scrutiny for remarks about police funding and the US Thanksgiving holiday - some of which she later walked back.

Prominent left-wing politicians Vermont Senator Bernie Sanders and New York Congresswoman Alexandria Ocasio-Cortez, who both often endorse insurgent candidates such as Hong, notably stayed out of this race.

AP News reported that Hong had conceded the race to Crowley, and that her campaign manager had said Hong was ""proud of the race we ran"".

Hong's defeat brings to an end a series of wins for left-wing candidates in Democratic primaries.

Some of the successful candidates been endorsed by, or affiliated with, the Democratic Socialists of America (DSA) organisation.

They have gained traction with voters not just by running against Republican policies, but by challenging the Democratic status quo in Washington set by the party's current leaders.

They have also found traction by demanding the US end or curtail funding to Israel, due to its ongoing military operation in Gaza.

Last week, for example, Abdul El-Sayed won the Democratic primary for Michigan's US Senate seat, beating Congresswoman Haley Stevens.

And in June, New York City Mayor Zohran Mamdani endorsed a trio of progressive Democrats in the regions' US House races, all of whom won their primaries.

Mamdani's picks unseated two sitting lawmakers and beating the hand-picked successor of a retiring congresswoman.

Additional reporting by Kayla Epstein and Sareen Habeshian

Follow the twists and turns of Trump's second term with North America correspondent Anthony Zurcher's weekly US Politics Unspun newsletter. Readers in the UK can sign up here . Those outside the UK can sign up here .","['BBC', 'CBS News', 'CBS', 'Tiffany', 'the US Congress', 'The Hong-Crowley', 'US Senate', 'House', 'the US Senate', 'AP News', 'Crowley', 'Hong', 'the Democratic Socialists of America', 'DSA', 'US House', 'Trump', 'US Politics Unspun']",Politics,0.9971,0.8326823711395264,False
8217766713973264455,https://www.bbc.com/news/articles/c9d841yexe0o,2026-08-12T15:57:23.018003+00:00,Thames Water gave finance boss a £1m signing-on fee,"Thames Water paid its finance chief a £1m signing-on fee in July as the company struggles with a mountain of debt and faces temporary nationalisation.

Steve Buck joined the company in April 2025 but it is understood the seven-figure payment was not made until last month after the company had taken legal advice over its contractual obligations.

The existence of the payment, first reported by Sky News, was revealed in a letter from the Thames Water chairman to MPs on the Commons Environment, Food and Rural Affairs Committee.

In the letter, Sir Adrian Montague said he understood customers would see large payments to senior leaders as ""unjust"" but argued they were necessary to stop staff leaving.

The letter said: ""The majority of the team were brought in recently to fix the problems the company faces and are not responsible for causing those problems.

""These talented and experienced individuals have opportunities for roles outside Thames Water and, in many cases, have been actively approached by other companies.

""These roles would be less in the public gaze, less difficult and more remunerative.""

Sir Adrian described the payment to Buck as a ""necessary incentive"" and said the money had come from emergency funding provided by Thames Water's lenders.

He said the company is facing recruitment and retention difficulties and warned the problem would ""persist"" if it was nationalised or put into special administration.

The prime minister's official spokesman said: ""It's unacceptable that one of the worst-performing water companies is handing out huge payments to its executives when it should be focusing on improving performance and rebuilding public trust.

""We've banned bonuses for polluting water bosses. We expect companies to follow both the letter and the spirit of the rules.""

Under new rules, introduced last year, water companies failing to meet key standards would automatically lose their right to award certain bonuses.

Alistair Carmichael, Lib Dem MP and chair of the Environment Committee, said: ""Money should be going into improving services, not remunerating already well-paid senior executives.

""The government were clear in the early days that they wanted this to stop. It is obvious that they have not succeeded in this. We need to hear now from them about what they intend to do about it.""

In a blog published in July, an executive director at the regulator Ofwat said public trust was damaged by unwarranted bonuses.

Helen Campbell wrote: ""This includes excessive payments made under the rationale of retaining leaders, but which are not transparent or sufficiently explained.""

She added that companies had to set out their reasoning for awarding particular bonuses and Ofwat would determine whether they had ""complied with our rule"".

The utility company owes roughly £20bn and has been working with creditors and government officials to find a way forward.

Failure to reach a deal could lead to Thames Water being forced into a ""special administration regime"", a form of temporary nationalisation intended to keep the business operating until a viable solution can be found.

This would see government-appointed officials temporarily running the company – including funding its operations and upgrading infrastructure as well as dealing with any outstanding debts following a restructuring of the business.

If the company was subsequently sold to a private buyer, the government would be able to recoup some taxpayer cash.

Prime Minister Andy Burnham has previously said he would like to see ""greater public control"" of key water and energy utilities.

In the past year, Thames Water boss Chris Weston saw his pay increase 14% to £1.63m while other directors received bonuses totalling £4.1m.

Speaking on the BBC Big Boss interview late last month, Weston acknowledged there was anger about Thames Water pay, but argued that the company needed to be able attract ""capable people to help turn this company around"".

""If we're not prepared to pay market rates, then they won't come to us and they won't stay with us,"" he said.

Weston also warned special administration could see taxpayers left bearing the cost.

Instead, he threw his weight behind a rescue deal that has been put forward by the firm's lenders.

Thames Water has faced intense criticism for several years over failures to prevent sewage discharges and leaks.

Last year it was handed a record fine of £122.7m from the regulator Ofwat, who said the company had ""let down its customers and failed to protect the environment"".

Weston said he wanted the company to ""do better"" but some of the targets it had been set were ""not realistic"".

Thames Water has warned it only has enough cash to last until the end of the year, putting pressure on the new government to decide what to do with the company, which provides water to 16 million people across London and the Thames Valley.

Ministers could give the green light to the rescue deal, proposed by Thames Water's lenders, which would see some debts written off and new money invested in exchange for leniency on environmental targets.

The previous Environment Secretary Emma Reynolds dismissed the plan as weak, arguing it did not do enough for consumers. She has since been replaced by Angela Eagle.","['Sky News', 'Thames Water', 'the Commons Environment, Food and Rural Affairs Committee', ""Thames Water's"", 'the Environment Committee', 'BBC']",Business,0.9879,0.5875400304794312,True
4307890172866523092,https://www.bbc.com/news/articles/c9d84874dzjo,2026-08-12T15:57:25.697342+00:00,Decoys to hide presidents are common - but elaborate Trump ruse was different level,"On 8 July, US President Donald Trump boarded Air Force One in plain sight of television cameras as he departed the Nato summit in Turkey.

But when the mighty Boeing aircraft left Ankara, the president had reportedly already been secretly spirited away via a catering truck to a C-32A, a military version of the Boeing 757, which flew the president to RAF Mildenhall in the UK.

Those left on board were unwitting decoys and had no indication that Trump was no longer travelling with them.

But deception of this kind is not unusual.

""That's very common,"" said Ronald Kessler, an author who has written extensively on the agency. ""There's a long history of strategies to mislead anybody who might be trying to harm the president.""

Robert McDonald, a former high-ranking Secret Service agent with experience working on presidential security details, told the BBC that smaller-scale deceptions are used frequently during motorcade operations.

These motorcades - which often include dozens of security and support vehicles, as well as ambulances and vans carrying White House reporters - typically include two ""Beasts"", as the enhanced limousine carrying the president is known.

While one vehicle carries the president, the other travels nearby as a decoy, switching locations while en route to the destination.

""It's what we call a shell game,"" said McDonald, who drove one of the vehicles during President George W Bush's administration. ""Even in DC if we headed to Andrews [Joint Base Andrews - where Air Force One flies from], those two limousines would change position, like under a highway overpass.""

""But that would happen out of sight of anybody other than those in the motorcade or in that tunnel,"" he added. ""Different things are used to mix up the bad guy.""

Similarly, Marine One - the president's helicopter - routinely flies in groups of three, changing positions so that potential threats are not sure which is carrying the US leader.

Even more elaborate deceptions are carried out for complex, high-risk trips abroad.

""I would say it does not happen often,"" former Secret Service agent Paul Eckloff told the BBC World Service's Newshour programme of the aircraft switch. ""But it is an option that the Secret Service and others in executive protection always have.""

""When the president travels to war zones, there are frequently tactics and techniques used to create doubt in an adversary of which aircraft or which movement that he's going to make,"" he added.

In March 2000, for example, then-President Bill Clinton flew from India to the Pakistani capital of Islamabad on an unmarked executive jet that landed after a decoy jet with all the livery of Air Force One.

Three years later, the White House claimed that George W Bush would spend Thanksgiving in Texas, only to arrive in Baghdad in a blacked-out Air Force One.

In 2023, Joe Biden also was secretly taken to Ukraine with a slimmed down press pool of one reporter and one photographer.

In all three of those cases, the media on board was aware of the deception but had been asked to not report it in real time.

The exact nature of the perceived threat to the aircraft in this latest case remains unclear.

The Secret Service has so far not commented on the incident, while the White House has neither confirmed nor denied it, saying only that it uses every tool available to protect the president.

While contingency plans for a variety of scenarios are developed ahead of time, experts say that the Secret Service needs to maintain flexibility and remain poised to improvise in the face of new threats as they emerge, particularly overseas.

But according to McDonald, the extraordinary measure of secretly moving President Trump from the aircraft suggests that the potential danger was deemed, likely by multiple agencies, to be serious.

""That tells me that the threat level in Turkey was relatively substantial and quite high,"" he said, adding that the president's staff, the Secret Service and the White House Military Office were almost certainly immediately alerted.

""Those people likely got together in a room and were presented with this intelligence,"" McDonald explained. ""And a plan was put together to negate the threat from whatever intelligence was received.""

McDonald's assessment was echoed by Marc Polymeropoulos, a 26-year veteran of the CIA who served in both Iraq and Afghanistan and oversaw clandestine missions around the world.

""The key part of this is the nature of the threat, and what was so severe that the Secret Service would put forth such a deception operation,"" he said.

A key question going forward, according to Polymeropoulos, is whether the government and intelligence community then had a duty to warn those on the aircraft.

""Let's say the plane was blown out of the sky, and we knew about it,"" he said. ""We don't do that…we can't. If we know ISIS is going to attack a target in Moscow, we warn the Russians. Why do we warn the Russians? Because if there's an American citizen killed in that, we can't let that happen.""

How much danger those who remained on the aircraft were in - or whether they were in danger at all - remains unclear.

Journalists on board reported that they were repeatedly instructed to keep their window blinds down, a ""not uncommon"" practice McDonald said shows that steps were still being taken to protect the passengers.

""A large plane flying overhead where somebody could see it, with the shades up and windows illuminated, could tell somebody that it's a particular type of aircraft,"" he said. ""I appreciate the need for transparency, but [the passengers] are also part of the roadshow. We've got to make sure that you and everybody gets home safe.""

The Secret Service, he added, is under no legal obligation to inform of potential threats or detail operations being carried out to protect the president and his entourage. That decision would need to be made by the White House or other agencies.

""The Secret Service is not in the business of public relations,"" he said. ""We're very good at keeping secrets, as our name says. Everybody doesn't need to know everything.""","['Air Force One', 'Nato', 'Boeing', 'C-32A', 'RAF Mildenhall', 'Secret Service', 'BBC', 'White House', ""the BBC World Service's"", 'Newshour', 'the Secret Service', 'the White House', 'The Secret Service', 'McDonald', 'the White House Military Office', 'CIA', 'ISIS']",Business,-0.9956,0.79493647813797,False
6112834365379485642,https://www.bbc.com/news/articles/c9q9dzp97l4o,2026-08-12T15:57:27.910113+00:00,Fact-checking Trump's claims as he rolls back some recommended vaccines,"US President Donald Trump signed an executive order in the Oval Office on Monday that limits the number of vaccines recommended for children - and during the event he made several misleading or false claims about the jabs.

The US Centers for Disease Control and Prevention (CDC) had recommended childhood vaccinations against 18 diseases - but Trump's new order drops that to 11. It also advises splitting up the mumps, measles and rubella (MMR) shots.

We've looked into some of the president's claims about vaccinations.

""In many cases we were requiring 72 jabs for our beautiful, healthy, lovely, delicate little children,"" Trump said shortly before signing the order.

After his announcement, White House press secretary Karoline Leavitt shared a graphic , labelled ""72 injections"", showing a baby surrounded by needles.

But both of those statements are misleading.

Firstly, while federal guidance influences school-entry vaccine requirements, these rules are set at individual state level, so the exact number of jabs scheduled varies across the US.

And secondly, the 72 figure cited by the White House counts all the doses someone could potentially be given by the time they are 18 years old - so not as a baby or ""little children"".

This total also includes annual flu and Covid-19 doses.

""A vaccination looks like the size of the bottle of soda poured into a little child's body,"" Trump claimed, when talking about MMR shots.

However, according to Food and Drug Administration (FDA), a single dose of MMR is 0.5ml - roughly a fraction of a teaspoon.

Josh Michaud, associate director with Kaiser Family Foundation's (KFF) Global and Public Health Policy Program, said that even all of the recommended vaccinations combined ""don't add up to anything close to the size of a bottle of soda"" and come to ""a very, very much smaller amount"" than what Trump claimed.

When advocating for giving the MMR vaccine in three separate jabs, Trump said: ""Together, there could be a possibility they're quite lethal.""

According to the CDC , most people who receive MMR vaccine do not have any serious adverse reactions to it.

The CDC also notes that receiving the MMR vaccine is much safer than contracting the measles, mumps, or rubella illnesses, which the vaccine is designed to guard against.

The most severe risks of the vaccine include febrile seizure or a serious allergic reaction, which the CDC describes as ""extremely rare"".

Studies show that one out of every 3,000-4,000 children vaccinated with MMR run the risk of febrile seizures.

When speaking about autism the president said: ""It's many, many times what it used to be years ago, and it gets progressively worse. And we had progressively more and more vaccines.""

He said it was ""one in 10,000 20 years ago"".

While that rate has increased over the last two decades, it did not grow by anything like the figure cited by Trump.

In 2006 the CDC estimated the rate of autism in the US population to be one in 110. In 2008 it was one in 88.

Most experts say rising rates of autism can primarily be attributed to changes in how the condition is diagnosed, as well as greater recognition of the condition and more people being tested.

And although rates of autism have been rising, multiple studies have shown no link to vaccines.

This includes a comprehensive December 2025 study by the World Health Organization that analysed data involving dozens of studies and millions of children across multiple countries, finding ""no causal link between vaccination and [autism]"".

Experts say there is a tendency to wrongly associate vaccines with autism, because the period of childhood vaccinations - between birth and five years old - overlaps with the more common period for autism diagnoses. But they say it's correlation not causation.

In its report, the WHO said studies highlighting theoretical risks that remain incompletely understood have ""sustained public controversy, particularly in the context of widespread misinformation, disinformation and vaccine hesitancy"".","['the Oval Office', 'The US Centers for Disease Control and Prevention', 'CDC', 'Trump', 'MMR', 'White House', 'the White House', 'Food and Drug Administration', 'FDA', ""Kaiser Family Foundation's"", 'KFF', 'Global and Public Health Policy Program', 'the World Health Organization', 'WHO']",Business,0.6048,0.7397310733795166,True
4185001777364744451,https://www.bbc.com/news/articles/cd6923j2wnpo,2026-08-12T15:57:30.186450+00:00,Disabled in a heatwave: 'We're talking about survival',"Heatwaves this summer have brought travel disruption, overheating homes and school closures for millions - and there is a fifth heatwave expected to hit this week.

It is well-documented that those with existing health conditions and disabilities are most at risk during extreme heat episodes.

But these additional and specific challenges faced - from struggling service dogs to overheating wheelchairs - are often overlooked, even in public advice and emergency planning, say campaigners and researchers.

""For somebody who is able-bodied, it's uncomfortable but if you identify as disabled, we're starting to talk about survival,"" says campaigner Doug Paulley.

Emily Davison says soaring temperatures force her to put the welfare of her guide dog, Rosie, before her own independence.

""The dog's health has to come first.""

Davison is a London-based journalist and content creator, but heatwaves have forced her to cancel journeys to events because it is often too hot for Rosie to travel safely - missing out on potential earnings.

Public transport like buses often overheat and she avoids Uber after ""too many experiences where they've not let me in with a dog"".

She says finding available taxis has become more difficult, even with London Taxicard scheme, a subsidised taxi service for people with mobility impairments or severe sight loss.

Davison says every trip now requires careful planning, which can make her feel isolated and limits both her work and independence.

""It does put the brakes on your life,"" she says. ""When you're in this situation and you've got a guide dog and you can't do anything, it does make certain things grind to a halt.""

She is now spending long periods working from home - but says she is lucky to be still able to do this but not all disabled people can.

""I think the culture of being able to work from home and have that option is really important to keep ensuring that disabled people can still be in employment.""

Jimmy Macfarlane is a Cardiff-based actor who needs to travel for his job - so he uses a powered wheelchair.

During this summer's heatwaves, people have taken to social media to report phone batteries draining faster because of the high temperatures, but forJimmy batteries are what enable him to get around.

""The heat definitely impacts the chair and it makes the battery go down a lot quicker.

""I always have to think is there a way I can get to where I need to be without moving the chair?"" Macfarlane says.

Some days he has not even been able to leave his home - he previously lived in a sixth-floor flat and the heat caused the lift to break down.

Such problems have been reported in other high-rise buildings by BBC News , but unlike other residents Jimmy cannot just use the stairs to get round the problem.

""There were times where I was stuck in the flat [for days] until it was fixed,"" he says.

And the heat inside his flat became difficult to manage.

Because of his cerebral palsy, he says everyday tasks already require more energy. ""Things like getting changed, having a shower… everything I do takes twice as long as a non-disabled person.

""On a hot day, it's even more exhausting.""

Common advice for dealing with the heat is to conserve energy and stay cool by keeping your curtains closed and opening the windows when it is cool.

But for Claire Sisk, a content creator and advocate who has distorted vision, this can be dangerous.

""If I've got all my windows and doors open, I feel incredibly vulnerable because I can't see if anybody is walking into my property. So I have to have them all closed, which is quite unbearable,"" Sisk says.

Other measures intended to keep homes cool can introduce new risks. Fans, for example, can become trip hazards because they are not part of her usual layout.

When she leaves home, the current weather can make her remaining vision far less reliable.

""[When] that sunlight comes out, then that bit of vision just goes,"" Sisk says.

Hot weather can make travel unpredictable, and access issues can waste valuable time on an already exhausting day. She recalled having to wait at a Tube station because of staff shortages.

""That can be a bit frustrating because it takes you two hours then to get home when it should have only taken 45 minutes.""

Hollye Kirkcaldy, a PhD researcher at the University of Bath, studies how extreme heat affects disabled people in the UK, and says these experiences are shared by many across the country.

""You've got inequalities in urban infrastructure, housing, structural conditions around things like social networks and care. If you put all of those together and then you throw heat in, that's what's disabling,"" Kirkcaldy says.

Her research found that official heatwave guidance often does not reflect disabled people's circumstances, while measures presented as simple can in fact create new barriers.

This can reduce independence which harms their mental wellbeing and adds financial pressures, she says. Disabled people can be left unable to work and facing additional outgoings like higher energy costs for round-the-clock cooling.

Kirkcaldy says in some cases it can be ""a trade-off that nobody should have to make between your health and whether you eat.""

For disability campaigner Doug Paulley, who has a number of health conditions which are exacerbated by hot temperatures, the experiences of disabled people during heatwaves point to wider problems in society.

""Disabled people are always amongst the first against the wall whenever there's a significant crisis of any type in society, and this is no exception,"" Paulley says.

During one heatwave, he cancelled physiotherapy and missed giving evidence to the Covid Inquiry because travelling became unsafe.

""There was just no way that I could have gone. It was dangerously hot and I would have been really unwell.""

Climate change must be factored into how people think about access and support, Emily Davison says.

""Climate change is a thing. Summers are only going to get hotter.""

For Doug, the issue is not only how disabled people cope with extreme weather, but whose experiences are considered when decisions are made about the future.

""Policy is very much set for them, not with them.""","['forJimmy', 'BBC News', 'Tube', 'the University of Bath', 'the Covid Inquiry']",Tech,-0.9782,0.7918645143508911,False
2305755636619801890,https://www.bbc.com/news/articles/cd7l4e3v238o,2026-08-12T15:57:35.614136+00:00,Is football AI-proof? Why tech investors wanted a slice of the World Cup,"Fifa has been forced to U-turn on plans to sell off a slice of the World Cup after fierce opposition, with threats of future boycotts and calls for the governing body's president, Gianni Infantino, to quit.

But why were a group of tech investors interested in the World Cup in the first place, and are similar proposals in the future inevitable?

In a world in which AI could upend human recreation and pastimes, executives at Thrive Eternal, a spin-off of venture capital firm Thrive Capital, saw an opportunity to lead a group of investors to place cash in the biggest sporting competition on the planet.

The football World Cup was seen as the latest in a new strategy from the firm, which believes that sport will not only survive the AI revolution, but grow in value.

Run by Joshua Kushner, the brother of US Donald Trump's son-in-law and adviser Jared, Thrive mainly invests in technology companies developing artificial intelligence (AI) and it has been a major financial backer of OpenAI.

But in April this year, the New York City-based entity created the new investment arm Thrive Eternal in order to invest in areas that have ""qualities that cannot be replicated by technology"".

Sport is central to that strategy, and that is where football - and securing a minority stake in the World Cup under Fifa's proposed Forward Enterprise (FFE) - became an opportunity.

The view is that the tradition, cultural and identity aspects of football will protect the sport from being upended by AI compared with other forms of entertainment such as movies and music, which are already seeing the technology start to replace humans.

Professor Simon Chadwick has worked in the global sports industry for 30 years, including working with both fan groups, football clubs and governing bodies Fifa and Uefa.

He said investment interests and commercialisation in general meant a lot of decisions were being made on behalf of football and fans ""in Wall Street and Silicon Valley"".

""It is almost as though it's crept up on us and a lot of people haven't really thought about what's happening,"" he told the BBC.

While it raised governance questions for Fifa, he added: ""Whether people like it or not, private equity investment in sport is happening.""

Despite this summer's World Cup, hosted by the US, Canada and Mexico, providing a clear picture of World Cup commercialisation, the BBC understands talks over the FFE proposal involving Thrive started last year, with Greg Maffei, the former boss of Formula 1 owner Liberty Media, brought in as a commercial adviser.

Thrive also hired former Disney chief executive Bob Iger.

Thrive Eternal already invests in other sports. As part of its launch, it announced it had agreed to buy a chunk of the San Francisco Giants baseball team There are also reports the firm is eyeing up a bid for a new NBA franchise in Las Vegas.

It believes that such ""iconic franchises and cultural institutions rooted in tradition, identity, and shared experience"" will not just survive the AI revolution, but ""will matter even more"", according to its website.

Kushner and Thrive Eternal have remained silent on the Fifa investment plan and the subsequent fallout.

But a source close to the firm told the BBC the strategy behind the plan, which would have required the backing of Fifa's member associations, was that it would not be like a ""typical investment fund looking for a speedy return on investment"".

The source said investors preparing to stump up the $4.2bn (£3.1bn) initial investment were doing so with the view of not seeing any return for a ""long period of time - decades"", due to Thrive Eternal being structured as a holding company.

They higlighted had the FFE proposal been activated, it would have given each member association a stake worth as much as $91m each based on its $20bn valuation - stressing that the equity would be controlled by Fifa, not investors, and to sell part of that equity would have been down to individual member associations.

""The idea of outside investment...was to channel more resources upfront to countries that wouldn't typically get access to outside funding - so they could invest in things like stadiums and training to be able to develop their game domestically,"" the source said.

According to Fifa, the aim of FFE was ""to separate the business of football from the governance of the sport"".

In England, the business of football has exploded, especially since the establishment of the Premier League, so much so that the financial rules, transfer deals and boardroom gossip have become just as popular conversation topics between fans as the action on the pitch.

US investment in football is not new, and the amount of American dollars being poured into English and other European clubs has been growing broadly since the Glazer family bought Manchester United more than two decades ago.

But some question whether Fifa - and the World Cup - needed this cash injection.

Fifa has claimed the World Cup is ""under-monetised"", but hydration break adverts, dynamic ticket pricing and record broadcast and sponsorship rights have put the 2026 edition on track to generate record revenues.

The 48-team tournament and potential for an even bigger 64-team competition gives a view of further commercial opportunities. More countries equal more viewers, which equals more money.

Christina Philippou, an associate professor in accounting and sport finance at the University of Portsmouth, said the approach by Fifa to seek outward investment had been seen in other sports and by individual football clubs when cash flow had been a problem.

""Fifa are not in a position where they are desperate for money. In fact, they could very easily, with the money they already have, increase those payouts to the member associations. So there is no need to go external.""

Thrive Eternal is understood to respect the decision to take the plan off the table, but it is clear that interest, with or not this specific investment group, remains focused on football.","['Fifa', 'Thrive Eternal', 'Thrive Capital', 'Forward Enterprise', 'FFE', 'AI', 'BBC', 'Formula 1', 'Disney', 'the San Francisco Giants', 'NBA', 'Kushner', 'the Premier League', 'the University of Portsmouth']",Business,0.9977,0.7842711806297302,False
6137604803432981040,https://www.bbc.com/news/articles/cd7lz3wr2rlo,2026-08-12T15:57:37.619817+00:00,Meta fined $567m in largest child safety ruling against social media giant,"A US judge in New Mexico has ordered Meta to pay another $567m (£421m) for its failure to warn the public about dangers its platforms posed to children, marking the largest fine against the company over child safety.

Judge Bryan Biedscheid said the social media giant is a ""public nuisance"" akin to air pollution and that it must put the money in a fund aimed at reducing future harms.

Thursday's ruling is in addition to $375m in fines Meta was already ordered to pay in the case, for a total of $942m.

Judge Biedscheid compared Meta to a factory, with advertising and content as its product and ""the psychological harm and sexual exploitation of children to be the pollution that must be abated"".

A spokesman for Meta, which owns and operates Instagram, Facebook, WhatsApp and Threads, said Thursday: ""We disagree with the ruling and will appeal.""

""We work hard to keep people safe on our platforms and have been transparent about the challenges of identifying and removing bad actors and harmful content,"" they added.

""We remain confident in our record of protecting teens online and will continue to defend ourselves against claims that misrepresent the facts.""

Regarding the earlier $375m verdict in the case, Meta had said it intended to appeal the ruling and gave a similar explanation. It was the first time that a state had successfully sued Meta over child safety issues.

Meta is currently facing thousands of lawsuits in the US over similar issues. In addition to the New Mexico rulings, Meta earlier this year lost a landmark case in Los Angeles which found it could be held liable for building addictive platforms .

Bruce Daisley, a former European vice president of Twitter (now X), told BBC Radio 4's Today programme the New Mexico fine, while large, was ""a drop in the ocean"" for Meta.

In its latest financial results , the social media giant posted $61bn in revenue from April to June - up 28% on the same period a year ago.

""But it's an indication that we are moving to a stage where social media is going to be tackled around the world,"" he said.

Meanwhile, former safeguarding minister Jess Phillips told Today she believed US court challenges against big tech could enable the UK to take tougher action - without fearing it may damage UK-US diplomatic ties.

The New Mexico case stems from a 2023 lawsuit brought by state attorneys.

It argued Meta should be held liable for the way in which its platforms endangered children and exposed them to sexually explicit material and contact with sexual predators.

In the first phase of the trial, Meta was found to have repeatedly violated New Mexico's Unfair Practices Act as its recommendation algorithms essentially ""steered"" young users toward harmful content and contacts.

Recommendation algorithms are the tools that Meta uses to automatically curate the content a user sees on its platforms.

In ruling on this second phase of the trial, Judge Biedscheid found that Meta's harms reached the level of ""public nuisance"" - or an issue of health and safety that has become so widespread it is negatively impacting a general public.

In addition to being the largest fine Meta has received over child safety issues, the ruling also appears to be the first time that a social media company has been deemed a public nuisance.

In his ruling, the judge compared the ""harmful effects"" of the company's platforms on children to that the way in which ""noxious pollution produced by the factory can harm the common public right to reasonably clean air"".

Rather than remain confined to its platforms, he said, these effects ""migrate to the internet as a whole and, perhaps most concerning, to the real world"".

These in turn create ""a common, societal burden on and harm to the affected children and their families,"" as well as schools, hospitals and law enforcement, he said.

The fund that Meta has been ordered to create will be used to pay for efforts to mitigate ""the wide-ranging impacts of the harm"", Judge Biedscheid said.

A vast majority of the money, totaling $420m, will go towards treatment of harms Meta's platforms have already caused, through the funding of ""appropriate clinical or other behavioral health programs and professionals,"" according to the order.

Another chunk of the money will go towards training around awareness and prevention, including for teachers and health professionals on how to deal with social media harms against children.

The judge also ordered Meta to enact other measures, including ensuring that no account of a user under age 18 is recommended to an adult and that no adult can message an underage user.

In addition, Meta was ordered to:

The UK and EU also want platforms including Meta take similar steps to protect children on their sites, with recent efforts focusing on repairing mechanisms through which children can be seen or contacted online .

But many countries are also forging ahead with plans to ban children from social media entirely.

The UK recently said in addition to blocking under-16s from social media , platforms would also need to stop older teens using social media at night via opt-out ""curfews"" .

Meanwhile, another major trial against Meta begins next week in California. Nearly three dozen US states' attorneys general are suing the company for violating child privacy laws.

Get our flagship newsletter with all the headlines you need to start the day. Sign up here.","['Meta', 'Instagram', 'WhatsApp', ""BBC Radio 4's"", 'Unfair Practices Act', 'EU']",Politics,-0.9908,0.6092760562896729,True
2226735141118452016,https://www.bbc.com/news/articles/cdewpklnzwxo,2026-08-12T15:57:40.288800+00:00,Singapore and S Korea pull Trader Joe's seasoning over poppy seeds,"Singapore and South Korea have pulled Trader Joe's Everything But the Bagel seasoning from e-commerce platforms because it contains poppy seeds.

While they do not naturally contain opiates, poppy seeds are banned in both countries because they can get contaminated with opiates by fluid in the poppy plant during harvesting.

More than 20 online listings of the popular seasoning have been removed, Singapore's Central Narcotics Bureau said on Wednesday.

Last week, Seoul authorities said the seasoning tested positive for morphine and codeine, which are opiates found in the plant's sap.

Apart from poppy seeds, the product also contains sesame seeds, sea salt, minced garlic and minced onion. It was released by American grocery chain Trader Joe's in 2017.

Authorities in Singapore have urged anyone who has bottles of the seasoning to dispose of them.

""Singapore adopts a strict policy of zero tolerance towards controlled drugs,"" the narcotics bureau said, according to a CNA report.

""The possession, consumption, importation, exportation, manufacturing and trafficking of any controlled drug, even in trace amounts, is an offence under the Misuse of Drugs Act,"" it said.

In South Korea, investigators say some people brought the seasoning back home as souvenirs from their overseas trips before listing it for resale.

Some did so without realising it contained controlled substances, while others did so knowingly, according to a report by The Korea Herald.

""Even if a product is legally sold overseas, it may be classified as a narcotic substance or a prohibited import in Korea, so particular caution is required,"" a police official said.","['Central Narcotics Bureau', 'the narcotics bureau', 'CNA', 'The Korea Herald']",Business,0.8047,0.7732219696044922,False
3773512718200307115,https://www.bbc.com/news/articles/cdewx3lpd2eo,2026-08-12T15:57:44.228044+00:00,Prisoner release row proving to be Burnham's first big test as PM,"Three weeks into his premiership, Andy Burnham has ""hit bumps in the road"" in the estimation of one long-serving Labour MP with the row over the early release of some prisoners from jail.

His political opponents are already sharpening their attacks, believing they have found an issue with which to discomfit a new prime minister early in his time in office who had, until now, displayed a pretty deft political touch.

Conservative Shadow Home Secretary Chris Philp said: ""This the most important decision Andy Burnham has made since he became prime minister and he's got it wrong.""

For Labour MPs, however, this week has shown Burnham is prepared to confront difficult choices and take decisions which, as he said in his first speech in Downing Street, are ""more about problem solving than point scoring"".

Burnham's first two weeks in the job were pretty problem free, with a succession of announcements, from a cap on bus fares to a determination to overhaul of social care, along with a blitz of social media videos, all designed to portray a more relaxed PM with a focus on everyday issues.

The overcrowding crisis in our prisons has presented him with a dilemma for which there are only unpalatable choices.

Crucially too, they are some of the first difficult choices Burnham has had to make in office.

The issue long predates his arrival in Downing Street. In 2023, with space in jails on the verge of running out, the last Conservative government started releasing prisoners 18 days early. That was only a temporary fix.

Just days after becoming prime minister in July 2024, Sir Keir Starmer had to contemplate a more far-reaching prisoner release scheme, saying ""it is shocking for our country to have got into a state where we have too many prisoners and not enough prison places"".

In January this year, Sir Keir's government passed the Sentencing Act under which several thousand prisoners will be released early starting this autumn, including some convicted of very serious crimes.

Andy Burnham, aware of how sensitive this would be, immediately ordered a review.

His frustration was evident when he announced he was removing some categories of prisoner from early release, rapists and child sex offenders among them, but not others.

""The truth is I wanted to go even further,"" he said, ""I have pushed to the very limits of what is possible to do"".

The Conservatives seized on the fact that his decisions mean that among those still being let out early will be some who committed grooming-related crimes as well as some killers, including those of PC Andrew Harper.

""The Labour government has made mistake after mistake on this early release scheme,"" said Chris Philp.

""Despite our warnings in Parliament, they initially planned to release rapists and dangerous criminals.

""But, even after Andy Burnham's review, it turns out they still plan to release cop-killers and men involved in the grooming gang scandal early. It's an insult to PC Harper's family and many other victims.""

Up against Sir Keir, Conservative leader Kemi Badenoch managed to find issues she could use to force him on to the back foot and into what turned out to be a damaging series of policy shifts. She has seized on the early releases to do try to do the same with his successor.

A first sign of that came when Burnham had to ""personally intervene"" this week, his spokesperson said, to order officials to find out how many people convicted of grooming-related offences might still be getting early release.

That came after Badenoch highlighted the issue in an open letter to him.

The Conservatives are now considering how they can keep the pressure up when parliament returns in September.

They will aim to place Labour MPs in an uncomfortable position if the issue can be debated in the Commons.

Shadow Justice Secretary Nick Timothy has called on the government to introduce ""emergency primary legislation as soon as Parliament returns in September,"" as he says that is the only way to permanently exclude ""killers - like the killers of PC Harper - child abusers and grooming gang members from early release"".

For now, Labour MPs are off on their summer breaks.

""There is no point in bemoaning what is going on"" one says phlegmatically, ""Andy Burnham's inherited this vexed issue that our jails are full, it's in the nature of being PM."".

""I have every confidence in him. Over all the years Andy Burnham has never been fearful of speaking to victims directly,"" adds the MP who has served on the justice select committee.

But they added: ""We need to have an honest conversation about who we are sending to jail as we don't have the spaces to accommodate everyone we are sending.""

Another MP, from the left of the party, said Labour members still felt overwhelmingly positive about their new leader despite the row over prisoner releases.

""They don't believe he has a magic wand. I don't blame him for the overcrowding crisis and I don't think voters do"".

And the MP added ""at least we have a recognisably Labour government. It feels like we are in play again, with a second chance to make a difference, maybe even to win a second term"".

Sign up for our Politics Essential newsletter to keep up with the inner workings of Westminster and beyond.","['Parliament', 'Labour', 'the justice select committee', 'Politics Essential']",Politics,-0.9943,0.819890558719635,False
6019062406020981858,https://www.bbc.com/news/articles/cdrv0k0j662o,2026-08-12T15:57:51.411315+00:00,US beef prices have soared but farmers aren't making more money,"With US beef prices soaring to record highs, you might think that South Dakota cattle rancher Eric Gropper would be celebrating.

Yet while the cost of the meat in US supermarkets is now 12% higher than it was a year ago, a rise more than three times the rate of general inflation, Gropper says that he and all the other beef farmers aren't making any more profit than usual.

The BBC World Service's Follow the Money series spent a week tracing the American beef supply chain to find out what has caused the price jump and discover where all the cash is going.

Eric Gropper has about 350 breeding cows on around 8,000 acres of grassland in south-west South Dakota. Most of it he leases from the Pine Ridge Indian Reservation.

He is seven miles from the nearest paved road, and two and a half hours' drive from the closest town of any size.

Gropper doesn't set the price for his calves. Instead once a year he takes them to a livestock auction where buyers place bids and the hammer decides.

Right now the bids are the highest he has ever seen - around $2,500 (£1,883) for a 600lb (272kg) calf, up from $2,000 two years ago.

These record prices are driven by a simple fact – there are not enough cattle. Due to a combination of drought in many states, and disease pressure, at the start of this year the US had fewer cattle than at any point since 1951.

Gropper is experiencing drought first hand, as the 13 natural wells across his land that provide ground water for his cattle have run dry. He has to use a water tanker instead.

Due to the national shortage of cattle, Gropper is getting record prices for his. But unfortunately his costs have equally climbed to new highs.

A new pick-up truck that once cost $40,000 now runs to $100,000. A wooden fence post has gone from about $6 to as much as $19. A quarter-mile roll of barbed wire has doubled, from $60 to $130. Everything he uses day to day, he says, has jumped in price since the Covid pandemic.

And with little grass on parched fields – well over 60% of US cattle are now grazing on drought-hit land - farms like his are having to buy in hay, silage and other fodder for their cattle.

""I'm able to pay my bills, but my input costs are so drastically high that if we didn't have these record prices we'd all be broke. I sit down to do my taxes, and it feels like I made a lot of money. But in the end I really didn't make any more.""

Gropper's calves don't go straight to slaughter. At around six-months-old they are bought by companies that run feedlots – large yards where the animals are fattened on corn and other grains for the final three to six months of their lives.

The biggest yards hold well over 100,000 cattle at a time. Around 95% of US cattle are finished this way.

Brenda Boetel, professor of agricultural economics at the University of Wisconsin–River Falls, watches this part of the chain closely.

She says that while the feedlot companies are currently selling cattle at record prices, they are having to buy them at all-time highs in the first place. So they are not making bigger profits.

A meatpacker is the plant that slaughters the animal and breaks the carcass down into the cuts that reach shops or restaurants.

Four companies - Tyson, JBS, Cargill and National Beef - control around 85% of American beef processing.

That high level of market concentration has drawn accusations of price-fixing, even from President Trump .

So you might expect that those four firms are currently making huge profits from high beef prices. Yet the opposite is happening.

Tyson, the biggest of the four, reported in May that it had lost more than $500m on beef in the first half of its financial year.

Again, it might be selling its beef for record highs, but it is also buying the cattle at all-time peaks.

Jamie Crumley owns one of the remaining smaller meatpackers - Harpley's Meatpacking in central North Carolina. She says the price companies like hers have to pay for the live animals has gone up by as much as 60% over the past three years.

And while meatpacking companies have increased the prices they charge for their beef, there is a limit. This is because supermarkets, restaurants – and US consumers – can, and will, simply switch to buying chicken or cheaper imported beef instead.

Then there is the inefficiency of running the meatpacking plants at much less than full capacity. For example, Harpley's is built to handle 425 to 450 cattle a day. But it is currently running at just 350 because it cannot get the additional animals.

The building, the line and the staff cost the same either way, so those fixed costs now spread across fewer animals. On any given day Crumley says she can lose anywhere from $100 to $400 on a single head of cattle. This helps to explain Tyson's giant losses.

At the end of one beef supply chain is Paul and Jessica Urban, who own Block 16, a burger restaurant in Omaha, Nebraska. They go through about 300lb (136kg) of ground beef a week, making 2,800 burgers a month.

When Block 16 opened back in 2010, a burger cost $8.95. Today it's $11.95, but profits are limited due to the much higher price of mince.

""To maximise our profit, maybe we'd have to charge $13 for a burger,"" says Paul. ""Well, we don't feel comfortable doing that. I wouldn't want to walk in here and have to pay $13 for a cheeseburger.

""So we don't make the profit that we'd like — but you're still getting people through the door, and it's not always about the money.""

The rancher is selling calves for record sums, but is not better off because he has higher costs. The feedlot company is selling for all-time high prices, but it also has to pay them in the first place.

Then the packers are losing money because there is a limit to what they can charge. Restaurants and supermarkets also can only increase prices by so much.

Everyone is turning over more money than they used to, but not keeping any of the extra. It's a situation that won't change until significantly more US cattle come to market.

Yet as Eric Gropper puts it, you can't conjure a cow overnight. Instead a heifer, a young female cow, needs two years before she is able to produce a calf. And that calf needs another year to reach slaughter weight, so the extra beef takes three years to arrive.","['Gropper', ""The BBC World Service's"", 'the Pine Ridge Indian Reservation', 'the University of Wisconsin', 'JBS', 'Cargill', 'National Beef - control', 'Harpley', 'Crumley', 'Block 16']",Business,-0.9177,0.6031031012535095,True
4001739398414820103,https://www.bbc.com/news/articles/cdrvme6g7n2o,2026-08-12T15:57:53.418311+00:00,UK's largest Harry Potter shop comes to London,"The UK's largest Harry Potter shop will open on London's Oxford Street in November, Warner Bros has announced.

The flagship store, which will span more than 21,000 sq ft (1,951 sq m) over two floors, will open within The Ribbon development at 134-140 Oxford Street on 4 November.

Warner Bros said the store was inspired by the magical shopping street Diagon Alley, and would feature a dragon towering over Gringotts bank, a full-sized Knight Bus, and The Leaky Cauldron pub where visitors can enjoy food and Butterbeer drinks.

The New West End Company called the store a ""great example"" of an ""immersive and leisure experience"" for the nation's high street.

The shop will be the second official Harry Potter retail destination in the UK after the site at King's Cross Station.

Karl Durrant, Warner Bros senior vice-president of worldwide retail, said opening the shop in London was ""a truly special milestone"".

""There's no better place to create a destination that celebrates the magic, creativity and storytelling that has captivated generations of fans around the world,"" he said.

Oxford Street is one of the world's busiest shopping areas, with around half a million visitors each day.

Rachel McCulloch, from the New West End Company, a Business Improvement District (BID), said the retail landscape had shifted from transactional retail towards immersive leisure experiences that cannot be replicated online.

""As the nation's high street, Oxford Street is well placed to lead this evolution,"" McCulloch said.

""Culture and leisure consistently rank as the second most important reason for visiting the district in our on-street surveys.""

McCulloch said the Warner Bros store was one of a growing number of ""major investments"" on Oxford Street, alongside Puma, Space NK, M&S Pantheon and Zara having either opened or expanded on the street.

""Continued investment in Oxford Street's public realm is so important,"" she said.

""We have long championed the regeneration of Oxford Street and strongly support efforts to strengthen its global appeal.""

Listen to the best of BBC Radio London on Sounds and follow BBC London on Facebook , X and Instagram . Send your story ideas to hello.bbclondon@bbc.co.uk","['Warner Bros', 'Diagon Alley', 'Knight Bus', 'The New West End Company', ""King's Cross Station"", 'the New West End Company', 'Oxford Street', 'McCulloch', 'M&S Pantheon', ""Oxford Street's"", 'BBC Radio London', 'BBC London']",Business,0.9931,0.8494657874107361,False
5085678705007536820,https://www.bbc.com/news/articles/cdrvn686dljo,2026-08-12T15:57:58.802007+00:00,Trump imposes 15% tariff on key chip material to counter China,"US President Donald Trump signed an executive order on Thursday that imposes a 15% tariff on imported products made from polysilicon, a crucial material used in semiconductors and solar panels.

The order also set minimum import prices on polysilicon and related products. It comes after a national security investigation into the production of the material overseas.

The move is intended to help protect US manufacturers as they face increasing competition from China's chip industry - a key source of friction between the world's two largest economies.

The Chinese embassy in Washington said the move ""seriously disrupts"" trade between the two countries and Beijing will act to protect its companies.

Washington is ""abusing state power to go after Chinese businesses,"" the embassy said, adding that protectionism will not make the US more competitive.

Trump said in the order that he had accepted recommendations by Secretary of Commerce Howard Lutnick to set minimum import prices as well as a 15% tariff on polysilicon and related imports.

The measures are due to take effect in December.

The US will also offer incentives to boost domestic production, it added.

For decades, the US has allowed ""foreign firms to weaken United States producers in the polysilicon sector,"" said Trump, who has long advocated for the use of tariffs to protect American jobs and boost the economy.

The material is critical in military equipment and electronics, yet imports have led to the US' share of global polysilicon production to fall from 50% in 2005 to less than 2% in 2024, Trump said.

China holds a near monopoly on the production of polysilicon.

The order is likely to benefit Hemlock Semiconductor and Wacker Chemie, which are the main producers of the material in the US.

The production of computer chips is central to the race between the US and China to develop artificial intelligence (AI). Washington and Beijing have also been locked in a tit-for-tat tariffs war , which has been on hold since May 2025.

Analysts quoted by Chinese state media outlet Global Times said the new tariff marks the latest escalation in Washington's efforts to limit China's role in critical technology supply chains.

The move follows other US restrictions on the imports of drones, humanoid robots and other tech products from China.

China announced a range of countermeasures this week, including tighter export controls on drones. Beijing also launched a national security review into imported printers and copiers.","['Commerce', 'Trump', 'Hemlock Semiconductor', 'Global Times']",Business,0.9657,0.6331620812416077,True
8210173968649938808,https://www.bbc.com/news/articles/cdrvpg2dgemo,2026-08-12T15:58:00.401946+00:00,Man airlifted to hospital after being bitten by shark,"A man has been taken to hospital after a suspected shark bite on the south coast of Ireland on Tuesday.

Five people were on board a small boat which was about four miles off Ram Head, Ardmore in County Waterford.

Ballycotton RNLI in Cork said it was called at 16:16 local time by the Dublin Coast Guard to assist a ""five-metre pleasure craft"" which had five people on board.

The man was winched on board the Irish Coast Guard's helicopter, Rescue 117 and taken to Cork University Hospital, where he remains.

After the alarm had been raised multiple agencies, including the Irish Coast Guard Helicopter Rescue 117, Ballycotton RNLI and Youghal RNLI had responded to the incident.

Ballycotton RNLI 's all-weather Trent-class lifeboat, The Austin Lidbury, was launched at 16:30 and thanks to ""calm sea conditions and good visibility"" arrived about 17:10.

However Youghal RNLI and Rescue 117 were already at the boat where the incident happened and the two lifeboats were on standby as the man was taken from the boat.

Ballycotton RNLI was back at the harbour at around 18:15 that evening, where the lifeboat was refuelled before the volunteer crew continued with their scheduled weekly training session.

""This was a well-coordinated multi-agency response, with Ballycotton RNLI, Youghal RNLI and Rescue 117 working together to ensure that the casualty received urgent medical assistance as quickly and safely as possible,"" said the coxswain (the person who is in charge of a boat) on duty, Eolan Walsh.

""Incidents such as this are a reminder that conditions at sea can change quickly and that anyone heading offshore should make safety a priority.

""Ensure your vessel is suitable for the conditions, wear a properly-fitted lifejacket or personal flotation device, carry a reliable means of communication, and make sure someone ashore knows your plans.""

This is not the first time people have been bitten by sharks off the Irish coast.

In 2018, a Belfast man who was angling caught a Blue Shark and was bitten while bringing it on board a boat.

His lower arm was seriously injured in an incident where he was helped by Crosshaven RNLI in Cork.","['Cork', 'the Dublin Coast Guard', ""the Irish Coast Guard's"", 'Cork University Hospital', 'the Irish Coast Guard Helicopter Rescue', 'The Austin Lidbury']",Politics,0.9788,0.8313190340995789,False
9108782624683684639,https://www.bbc.com/news/articles/cdx7pv300vwo,2026-08-12T15:58:02.296918+00:00,Eurovision Song Contest changes rules for countries at war,"Organisers of the Eurovision Song Contest have updated their rules to state that if a country involved in an armed conflict wins the competition, it will be ineligible to host it the following year.

The amendment was approved by the contest's governing body, following feedback from participating broadcasters after Eurovision 2026 in Vienna.

It states that winning countries will also be disqualified from hosting if a ""sensitive geopolitical situation"" affects the ""security, safety or stability of their state or immediate region"".

The update will be interpreted as a reaction to Israel's continued presence at the contest, amid criticism of its military actions in Gaza and the Middle East.

Last November, following a failed attempt to have Israel suspended, five broadcasters announced they were boycotting the competition - including Eurovision powerhouses Spain and Ireland.

Despite the protests, Israel's Noam Bettan ultimately took second place with his song Michelle.

It marked the second year in a row that Israel had taken the runners-up position - and some participating broadcasters have privately expressed safety concerns over the contest being staged in Jerusalem or Tel Aviv, should the country win in the future.

Although Israel will undoubtedly be seen as the target of the rule change, it will also affect Ukraine, which has been engaged in a protracted war since it was invaded by Russia in 2022.

Ukrainian group Kalush Orchestra went on to win Eurovision that, in a symbolic show of public support.

Following their victory, Eurovision organisers undertook a ""full assessment and feasibility study"" to decide whether the 2023 contest could proceed in Kyiv.

They ultimately decided the security risks were too great, and the UK stepped in to host the competition in Liverpool.

The new rules formalise that process, stating that ""where deemed necessary"" the EBU, which organises Eurovision, ""may commission an independent security assessment of the winner's region"".

""Following that assessment, the EBU will consult the Reference Group to determine whether the winning member is able to safely host the Contest.""

If the winning country is deemed unable to host, the EBU will select an alternative broadcaster to run the show.

Significantly, they ""will not be required to stage the event on behalf of another member"". (In 2023, the BBC worked in conjunction with its Ukrainian counterpart to reflect the country's heritage in the contest).

Other rules announced on Tuesday raised the minimum age for participation in Eurovision from 16 to 18; and clarified regulations on the use of backing tracks.

Since 1999, live instruments have effectively been banned, with only the lead vocalist performing live.

From next year's contest, the backing track may not ""unduly assist"" the singer or singers on stage, for example by including a pre-recorded voice singing the main melody to thicken or support the live performance.

""The clarification is intended to protect the integrity of each performance and to ensure the audience always hears the lead vocals on each song performed live,"" said the EBU.

Commenting on the updated rules, Eurovision director Martin Green said: ""These changes are about giving everyone involved greater clarity, protecting artists and ensuring the Contest continues to provide a safe and welcoming environment, while preserving the spirit and integrity that make the Eurovision Song Contest so special.""

Next year's contest will be held in Bulgaria, after their entrant Dara won the 2025 edition with her club anthem Bangaranga.

Last month, it was announced that Canada would enter the contest for the first time.","['EBU', 'the Reference Group', 'BBC', 'Contest', 'the Eurovision Song Contest']",Entertainment,0.9951,0.8496076464653015,False
1278684977197479868,https://www.bbc.com/news/articles/ce3q5nxpgk1o,2026-08-12T15:58:04.143786+00:00,"More than 10 firms pay up to $100,000 a month for fast access to Truth Social posts","More than 10 customers have signed up to Trump Media's controversial service that offers faster access to market-moving posts made on its Truth Social platform.

The service, Truth API, launched at the beginning of August and gives Wall Street traders first sight of posts from the social media site's most influential accounts.

Its earliest customers are mostly in high-frequency trading firms who are being charged between $60,000-$100,000 (£44,000-£74,000) a month for the service, interim chief executive officer Kevin McGurn said during an earnings call.

He was speaking after Trump Media reported a loss of $238m between April and June.

The quarterly loss is more than 10 times the amount reported during the same period a year earlier, according to the Trump Media and Technology Group, and comes as the group branched into ventures unrelated to media, including cryptocurrencies.

The group, which is yet to make a profit, says it will refocus on its social media mission.

In July, it announced a plan to give Wall Street firms and institutional investors faster access to posts on Truth Social, where Trump frequently makes announcements. It has been viewed as a way to give subscribers an edge in trading stocks and other heavily traded assets.

The move has prompted legal and ethical questions , including whether it is right that a company - of which the president's family remains the majority shareholder - stands to potentially profit from his own public statements.

The new service is ""expected to provide the company with a new revenue stream,"" Trump Media said in its earnings statement on Monday.

The firm believes the service will develop into a ""meaningful"" and ""durable"" source of revenue, on top of the company's broader media strategy which includes advertising and digital assets, McGurn said.

Truth Media is also exploring opportunities with technology firms, news organisations and betting markets, he added.

The BBC has contacted Trump Media and Technology Group for further comment.

The company posted $1.7m in revenue, which it said was up 89% from the same period a year before, but suffered an overall loss due to the drop in cryptocurrencies.

It added that it closed the second quarter with total assets of $2bn and financial assets of about $1.9bn, which includes cash, short-term investments and digital currencies.

The group is expanding into areas including cryptocurrency holdings and clean-energy investments .

Trump Media is more of a crypto holdings firm ""wrapped around"" a media company, and the bulk of its losses have come from that strategy, Markus Thielen, an analyst from 10x Research, told the BBC.

The company is diversifying beyond its crypto business into areas such as social media, though those ventures have yet to generate significant revenue, Thielen said.

Earlier this month, Trump Media scrapped plans for a project with Crypto.com to introduce prediction market features on the Truth Social platform.","[""Trump Media's"", 'Trump Media', 'the Trump Media and Technology Group', 'Trump', 'McGurn', 'Media', 'BBC', 'Trump Media and Technology Group', 'Crypto.com', 'the Truth Social']",Business,0.5922,0.7432218194007874,False
1927857507795717747,https://www.bbc.com/news/articles/ce8kr3yrl6eo,2026-08-12T15:58:06.234200+00:00,We should smile at our dogs - a new scientific study reveals why,"Any dog lover will tell you their canine friend picks up on their mood and emotions.

Now scientists have worked out exactly what is going on inside a dog's brain when it sees a human - even a complete stranger - smiling or scowling.

Their research involved 14 dogs in total who all sat very still in a brain scanner while they were shown pictures of people's faces.

Photographs of happy, smiling human faces made an area of the brain that is associated with reward ""light up"" with activity.

This reward circuitry is the part of the brain that is activated when we enjoy and remember good things, like tasty food or praise.

In terms of our own brains, we often refer to it as the ""hit"" or ""high"" that is triggered by winning a game or even receiving a positive comment on a social media post.

In previous research on dogs, the same brain region has been found to light up when the dogs anticipated a tasty snack, or smelled a familiar person.

""It controls us having motivation to do things - wanting to do things,"" explained Laura Cuaya, one of the study's lead researchers at the University of Vienna. ""So this finding suggests that happy faces, even those of strangers have a positive value for dogs.""

Cuaya and her co-researcher, Raúl Hernández-Pérez, went on to investigate how dogs responded to other human emotions - showing dogs images of people displaying happiness, anger, fear, and sadness. But the reward circuitry only responded to happy faces.

""Dogs can distinguish between positive emotions and all the others, but they don't seem to be able to distinguish between the different negative emotions,"" Hernández-Pérez, also at the University of Vienna, told BBC News.

Laura Cuaya and Raúl Hernández-Pérez are partners in research and in life - and something of a canine-cognition power couple. After meeting at secondary school in Mexico the two went on to work together on research projects that have revealed how dogs interpret and respond to human language and behaviour.

It is work that has revealed insights into the biology underlying the unique relationship between humans and their dogs.

The couple's own border collies, Odín and Kun-kun, have taken part in several of their research projects - including this one. And the couple recruited other dogs - and their owners - for their studies by politely approaching people in the dog park.

""If we saw someone with a dog that was the right size [for the scanner] - and looked calm and like it was well trained, we'd ask if they would be interested in helping,"" recalled Hernández-Pérez.

Cuaya explained that, from a neuroscience perspective, ""the dog's brain is quite fascinating"".

""They are really good at understanding emotions in humans - a species that is completely different from them.""

This research is building a picture of exactly how thousands of years of living alongside humans has made this possible by moulding and changing dogs' brain circuitry.

""When we compare humans with other primates, we are looking at abilities that may have come from a common ancestor,"" Cuaya added.

""With dogs, the story is totally different. They followed a very different evolutionary path, but through domestication, they developed the social abilities needed to understand and cooperate with us.""

Cuaya and Hernández-Pérez also hope their findings will help show people to communicate more effectively with their own beloved canine companions.

""We can reward our dogs with treats, but also reward them with happiness,"" said Cuaya. ""So we should smile at the dogs - even at random dogs in the street.""

The findings are published in the journal iScience .","['the University of Vienna', 'BBC News', 'Odín', 'iScience']",Tech,0.9981,0.7696374654769897,False
4524462654860336135,https://www.bbc.com/news/articles/ce8ljew9rnjo,2026-08-12T15:58:07.991903+00:00,Anne Hathaway pokes fun at 'fake baby bump' theories,"Anne Hathaway has poked fun at those who suggested her baby bump didn't look real after a recent film premiere, telling them she had ""fake hair, real bump"".

The US actress turned heads in an outfit that showed off her bare bump at the launch of her new film, The End of Oak Street, in Los Angeles on Sunday.

It sparked a flurry of comments on social media from people saying ""Why does it look fake?"" and ""Oh come on. That is not real.""

But others came to her defence, with one writing: ""A lot of people in these comments have never seen a pregnant belly on someone who has abs."" Another questioned: ""Can women exist, damn,"" while someone else posted: ""People always commenting about women is insane.""

Hathaway, 43, announced in June that she is expecting her third child with husband Adam Shulman.

Celebrities are often judged on their choice of red carpet wear, but Hathaway's outfit at the premiere for The End of Oak Street has attracted particular attention.

Her bump was partially exposed in the custom Atelier Prabal Gurung crop top, which the designer described as a ""sculptural high-low halter top with a cascading train"". Hathaway paired the top with low-rise La Ligne jeans and red Aquazzura stilettos.

""Fake hair, real bump,"" the actress wrote on Instagram with a video of her getting ready and attending the premiere.

""Enjoy The @endofoakstreet Block Party chaos with me as my outfit literally melts in the heat!!""

As well as raising unfounded doubts about the bump, some people criticised the star's attire on social media, calling it ""ridiculous"", ""tacky"" and ""bizarre"".

But others praised her. Charlotte Cripps wrote in the Independent : ""It might be an outfit that her social media critics wouldn't be seen dead in, but it's a clear message of body positivity, strength, and gender equality – and it's her unique expression of the next chapter of her life.""

An op ed in Vogue stated : ""What the rest of us need to realise is that a woman's baby bump is none of our business (can't believe this still needs saying).

""What if, instead, we celebrated the fact that a woman's body is doing something amazing, rather than telling her that she looks shameful, fake, ""over the top"" or ""awful and a bit weird""? Now that really would be radical.""

The Telegraph's Rebecca Cope said : ""Though drawing criticism from some, the look is just the latest example of a celebrity literally letting it all hang out.""

Hathaway's appearance on Sunday also led to a surge in interest in her ""coconut water"" nails look .

The star has been in the spotlight throughout the summer, promoting The Odyssey at its premiere in London on 6 July (below).

She also donned red carpet maternity wear at The Odyssey's US premiere in New York on 14 July.","['Atelier Prabal Gurung', 'La Ligne', 'Instagram', 'Telegraph']",Entertainment,0.9794,0.8520191311836243,False
2347756241959632558,https://www.bbc.com/news/articles/cedjpy6y6ywo,2026-08-12T15:58:12.146856+00:00,Warning after battery sparks bin lorry fire in Glasgow,"Residents have been urged to recycle batteries properly after a bin lorry went on fire on a busy Glasgow city centre street.

Waste from the lorry had to be unloaded onto the city's Jamaica Street on Wednesday morning after crews realised the truck was alight.

It is believed to be the eighth fire like this so far this year.

Glasgow City Council said it was ""vital"" that people recycle their batteries properly, and did not put them into general waste.

GMB trade union convenor Chris Mitchell described the incident – which happened at about 07:50 - as a ""warning"".

""We are just one fire away from a disaster to be honest,"" he said.

""Everyone has a responsibility to put the proper materials in the bins when they are emptying their rubbish.

""We are unsure where the electrical goods came from but the fire started after the bins at the student accommodation were emptied.

""I would urge people to be mindful of what they are putting in these bins, especially electrical goods. We have fantastic commercial and bulk uplift or recycling centres where it can be disposed of safely.""

Glasgow City Council said the incident highlighted the dangers linked to battery disposal.

A spokesperson said: ""It is vital that we all take care to recycle batteries properly.

""Batteries can be safely recycled at a wide range of shops or at any of our household waste recycling centres.

""Staff followed the correct procedure by unloading the waste in the vehicle as soon as they became aware of the fire. This quick response ensured they were unharmed and minimised the risk of damage to the vehicle.""

Story by Local Democracy Reporting Service reporter Catherine Hunter.","['Glasgow City Council', 'GMB']",Politics,-0.9524,0.6168885827064514,True
1249529877490900711,https://www.bbc.com/news/articles/cgjewld6lj1o,2026-08-12T15:58:17.374769+00:00,Memories of rock royalty in my garden in Knebworth,"Not many people can say Queen and Oasis have played in their back garden. Henry Lytton Cobbold can.

Forty years ago, on 9 August 1986, Freddie Mercury, Brian May, Roger Taylor and John Deacon brought Queen's sold-out European tour to a close at Knebworth House in Hertfordshire.

Lytton Cobbold, now the owner of the estate, was 24 at the time and remembers the suitably rock-and-roll celebrations backstage afterwards, complete with fairground rides and naked women mud wrestling.

""They had a lot to celebrate,"" he recalls. ""They'd really smashed it live the year before... And then of course it became legendary for various rather sadder reasons.""

Five years later, Mercury died from bronchial pneumonia resulting from AIDS. His performance in front of 125,000 people at Knebworth was his final time on stage with Queen.

Lytton Cobbold says: ""He was at the top of his game and nobody knew about his illness at that point.

""The other thing, of course, that makes it legendary is this bizarre fact that although the field was full of screens nobody pressed record.

""The only record we've got of the show is a little bit of news footage from the beginning and then a really bizarre bootleg that a Dutch guy took on his little home video camera of a screen at the back of the audience.

""I mean, imagine going to a Freddie Mercury gig and spending the whole time at the back of the audience filming the screen with your wobbly video camera.""

Lytton Cobbold never met the band, unlike some of the other stars who had played Knebworth in earlier years.

""Back in the old days, they didn't used to helicopter off the minute they'd done the encore, they would come up and chill at the house until the roads cleared.""

Knebworth Park has hosted live music since 1974. Pink Floyd were the first major act to play the venue in 1975, with the Rolling Stones following a year later.

He said: ""My mum and dad generally loved a party.

""I mean my dad's birthday was on 14 July, and every summer holiday began with a big party and the concerts just gave us that encore party. ""

Genesis, Led Zeppelin, The Beach Boys and Cliff Richard were among the names to play Knebworth in the 1970s and 80s, but it was the 90s when guitars in Hertfordshire were heard around the world.

There was a lot happening in the UK in the summer of 1996: England hosted Euro 96, the Spice Girls made their debut, Dolly the sheep was cloned, and Oasis played two nights at Knebworth to 250,000 people.

""Our catering company did the bars in 96 and that was one of our biggest trading days ever... Quite a lot of beer was drunk that day,"" he recalls.

The band slept backstage in Winnebagos. Then, on the Monday morning, a dishevelled Noel Gallagher appeared at the back door.

Lytton Cobbold says: ""We've got a four poster bath as part of our main guest room, our old Tudor guest room, and so my dad brought him a bottle of champagne in the bath.

""Subsequently in interviews he said that he was brought champagne by a liveried servant- it was actually my dad!""

Oasis only released recordings from those shows in recent years, but their Knebworth legacy has stayed strong.

Two turrets attached to the house, named Noel and Liam, were built using income from the 1996 shows.

Lytton Cobbold said: ""The rest of this house is still falling down and you know, we've got massive repairs and bills still to pay to to do the rest of the house.

""So, we do need them to come back and help us fix the rest of the roof!""

Earlier this week, SJM Concerts, the promoter behind Oasis' 2025 reunion, was granted a licence to host large events at Knebworth .

However Lytton Cobbold insists ""there is nothing set yet"".

He adds: ""I'm confident that Oasis will play Knebworth again, and I would love it to be next year, I would love it to be whenever they want to come, whenever feels right for them.""

When asked if it would be fitting to announce a return on Monday, the 30th anniversary of their Knebworth shows, he agrees, but says his wife handles bookings and he does not know what is planned.

""They have got a documentary coming out in September and they'll want to make a bit of buzz around their documentary. If they want to make some announcements, I would have thought that would be more of the time to do it.

""We're delighted that our local authorities are supporting the licence, that's great, fingers crossed that all comes together, but it's not happening as of today.""

Do you have a story suggestion for Beds, Herts or Bucks? Contact us below.

Follow Beds, Herts and Bucks news on BBC Sounds , Facebook , Instagram and X .","['Freddie Mercury', 'Knebworth House', 'Mercury', 'the Rolling Stones', 'Oasis', 'Knebworth', 'SJM Concerts', 'BBC Sounds']",Entertainment,0.9957,0.7859874367713928,False
4870411946608872764,https://www.bbc.com/news/articles/cgk40432vv5o,2026-08-12T15:58:19.078547+00:00,Man guilty of harassing MP Stella Creasy on Tube train,"A 63-year-old man has been found guilty of harassing the Labour MP for Walthamstow after preventing her from leaving a Tube carriage and behaving in an ""abusive and aggressive"" manner.

Clifford Wilby, from east London, targeted Stella Creasy on a Victoria line train between Walthamstow Central and Finsbury Park on 15 July last year.

Westminster Magistrates' Court heard how Wilby spoke to Creasy about knife crime and her ""failings as a Member of Parliament"" before filming her, leading to members of the public intervening.

Deputy Chief Magistrate Tan Ikram found Wilby guilty of using threatening, abusive or insulting words or behaviour with intent to cause harassment, alarm or distress.

Wilby and Creasy first met during a Zoom meeting in 2024 as part of her role as an MP.

She said he started to make a complaint about a constituent and she reminded him that she could not discuss somebody else's case.

Creasy said he had ""made a series of very serious allegations"", became abusive and ""referred to the fact he had been diagnosed as a psychopath"".

The meeting was stopped because of Wilby's behaviour.

On 15 July last year, Creasy made eye contact with Wilby on a Victoria line train.

She told the court: ""He stood up and blocked my ability to leave the carriage. He began talking to me about his concerns about my constituent. He was shouting, although the Tube train is a loud environment.""

She added: ""Obviously I was concerned that I was in an enclosed space with him. He was very close.

""I stated very clearly this wasn't an appropriate conversation to be having.""

The MP said she was backed against the carriage doors and holding her hands out as a gesture ""to say stop"".

Passengers stepped in, with one man positioning himself between her and the defendant.

""I was worried that because Mr Wilby was escalating, he could turn his attention and his aggression to the other people on the train trying to protect me,"" she said.

A woman also told Wilby to stop, saying his behaviour amounted to harassment, and encouraged Creasy to sit next to her.

Creasy left the train at Finsbury Park through a different set of doors after she believed other passengers had distracted him.

Wilby told the court he had hoped to continue their previous conversation about the constituent on the Tube, but claimed Creasy ""became quite agitated"" and that he was ""quite shocked by her reaction"".

He said he started recording on his phone ""for my safety"".

Wilby denied standing in front of Creasy and claimed she spoke to him first. He also denied telling her in 2024 that he had been diagnosed as a psychopath.

Delivering his verdict, Deputy Chief Magistrate Tan Ikram referred to footage in which Wilby said: ""I don't care about your feelings, your feelings don't matter to me"".

He added: ""She made her own position very clear. She said that 'I repeatedly asked him to stop, he didn't, he was abusive and aggressive' and it's clear from the defendant's own words he did not care.

""In relation to the conduct of the two members of the public who intervened, the situation must have been such that there was concern for her safety, otherwise they would clearly not have intervened as they did.""

Wilby is due to be sentenced on 8 September.

Listen to the best of BBC Radio London on Sounds and follow BBC London on Facebook , X and Instagram . Send your story ideas to hello.bbclondon@bbc.co.uk","['Tube', 'Walthamstow Central', 'Parliament', 'Wilby', 'BBC Radio London', 'BBC London']",Politics,-0.988,0.7954972982406616,False
4948502015362139781,https://www.bbc.com/news/articles/cgmkee248vdo,2026-08-12T15:58:21.860967+00:00,PM admits cost of living help is not enough and hints at further support,"Prime Minister Andy Burnham has said he accepts his announcements aimed at tackling the cost of living are not enough on their own and hinted at further support.

Burnham told BBC's Wake up to Money he will deliver an ""accumulation of smaller things"" that ""combine to take the pressure down"" on household budgets.

He spoke of an overhaul of train fares and ""more public control"" of energy, water and housing but did not give details on how he would bring this about.

Burnham has made a number of announcements to help people with the cost of living since taking office, including the removal of VAT from domestic electricity bills and bringing forward an already planned end to 'subscription traps' .

Asked whether the changes he had announced were not significant to people struggling, he said: ""I can accept criticism that this isn't enough, because I wouldn't say it's enough.

""But I take an approach to politics where I do what I can, when I can. Just take that little bit of pressure off and address an issue that you know needs addressing.

""It's not the end of the story,"" he added.

The prime minister, who is embarking on a tour of the UK while Parliament is in recess, said he believed ""more public control of essential services"" such as water, energy and housing, ""would mean we could get to a more substantial answer to the cost of living crisis"".

On water, he said it would not be easy to reverse the privatisation of water companies in England and Wales that took place in the 1980s.

""But very much, I'm looking at what can be done. Same with energy.""

He also said that, following the return of rail operators to public ownership, he wanted to ""remodel the rail fares so that we can get more public benefit for people"".

It comes as the government said on Wednesday that people living within 1,600ft (500m) of new upgraded electricity pylons and substations across Britain will receive a £250 annual discount on their bills for a decade.

Burnham told the BBC he has asked Chancellor John Healey to look at what the government can do further on the cost of living in the upcoming Budget, on 28 October, and that Healey has said it will be his ""main focus"".

Healey has made it clear he will oversee ""strong fiscal discipline"" – which will limit how much the government has to spend.

One major think tank recently warned that he will have to raise taxes or cut spending to meet Burnham's pledges on defence and the cost of living.

Labour's manifesto pledge was to not increase taxes for working people — including income tax, VAT and National Insurance Contributions (NICs) - which Burnham has said he will uphold.

He will likely face pressure to address rising costs for businesses, after previous budgets under Rachel Reeves saw employer's national insurance and minimum wages go up.

Last month Burnham said pubs, social clubs and live music venues in England would be given a 20% cut to business rates from April, calling it a ""first step"" to help the industry.

He told the BBC he accepted the national insurance hike had added pressure on businesses, and that the government would look at business rates ""more broadly"".

Burnham said: ""I would like to bring down the cost of doing businesses. I want to make high streets more vibrant across the country. I know that cannot be done by simply wishing it.""

But he said he did not want to ""at this point, start making commitments"".

""Those are for the Budget.""","['BBC', 'VAT', 'Parliament', 'Budget', 'Healey', 'Burnham', 'Labour', 'National Insurance Contributions']",Politics,0.9546,0.749882161617279,False
1759420165227414403,https://www.bbc.com/news/articles/cgmkl1j3dwvo,2026-08-12T15:58:28.861505+00:00,"30 years later, a former gang member will stand trial for Tupac's murder","It's been three decades filled with mystery, conspiracies - and anger.

The drive-by shooting that killed rap superstar Tupac Shakur on 7 September 1996 changed the trajectory of hip-hop and elevated the rapper from the face of the genre to a cultural icon.

His killing became one of popular culture's great mysteries, with countless theories but no arrests until 2023, when Duane ""Keffe D"" Davis was unexpectedly charged with murdering the famous rapper.

The 63-year-old former gang boss is due to stand trial in Las Vegas, where he is accused of murder with a deadly weapon with the intent to promote, further or assist a criminal gang. He's pleaded not guilty. If convicted, he faces life in prison without parole.

The trial is likely to unravel the intricacies of the bitter and deadly East Coast vs West Coast rap rivalries and turf wars between the Bloods and the Crips street gangs that were immortalised in rap lyrics and news reports in the 1990s.

It could also include several celebrity witnesses - including Suge Knight, the former CEO of Death Row Records, who has been thought of as the last surviving witness to Shakur's death.

But the complicated case hinges almost exclusively on one key piece of evidence: a book co-authored by Davis that he has argued is partially a piece of fiction.

Jury selection in the case began on Monday, with opening arguments due to start on 17 August.

To understand how the case became so mythologised, you have to go back to rivalries that grew larger than the men at its centre.

In the Los Angeles gang landscape of the 1990s, there was a vicious turf war between the Bloods, often represented by the colour red, and Crips, who often wore blue.

But that territorial dispute spread through the airwaves as part of a bigger national rivalry - East Coast v West Coast rap. The genre dispute was represented by two rival record companies that defined 1990s hip-hop: Knight's Death Row Records and Sean ""Diddy"" Combs' Bad Boy Records.

""The funny thing about it is Tupac is actually an East Coast rapper,"" said Jeff Pearlman, author of Only God Can Judge Me: The Many Lives of Tupac Shakur.

Born in New York City, Tupac moved to northern California as a teenager. He became known as a southern California rapper after signing with Death Row Records, which included acts like Snoop Dogg and Dr Dre.

Santi Elijah Holley, author of An Amerikan Family: The Shakurs and the Nation They Created, says the Death Row persona never told the whole story.

Tupac's mother Afeni was a Black Panther and he grew up around the black liberation movement. Holley says his music became his politics: ""His activism was his art, his lyrics.""

He acted in a number of Hollywood movies, and released hip-hop's first double album, All Eyez on Me, which sold over 5,000,000 copies.

That album, which debuted months before his death, cemented his place in the cannon of gangsta rap, a genre that celebrated the violent life of street criminals and drug dealers.

After he was shot in Las Vegas on 7 September 1996, he became immortalised as a kind of martyr for the lifestyle he helped make famous.

That fatal night began when Tupac and Knight attended a boxing match between Mike Tyson and Bruce Seldon at the MGM Grand.

After the match, surveillance footage captured Tupac and members of his entourage, who police have said were associated the Mob Piru Bloods street gang, attacking a man named Orlando Anderson, an alleged member of the South Side Compton Crips.

About three hours after the attack, Tupac was riding in the passenger seat of Knight's BMW driving through Las Vegas when a white Cadillac pulled alongside them and opened fire.

Tupac was hit four times and died six days later.

For nearly three decades, the killing remained one of America's most famous unsolved murders. There is no single explanation why.

Las Vegas police have long said witnesses refused to co-operate. Members of Tupac's entourage said police initially treated them like suspects and failed to follow important leads.

Within weeks of the shooting, investigators had identified Anderson from the MGM footage and questioned him.

He denied involvement and was never charged; he was killed in an unrelated shooting in 1998.

Over the years, police say they pursued thousands of tips, but the case stalled amid disappearing witnesses, many of whom were also killed in gang-related shootings, limited physical evidence, and a street code that forbade co-operation with police.

It was years later when Anderson's uncle, Davis, started talking and according to police, blew the case wide open again.

It was ultimately the death of another legendary rapper that helped unravel Tupac's shooting death.

Months after Shakur was gunned down, Biggie Smalls, or the Notorious BIG, was killed in a drive-by shooting in Los Angeles.

Both rappers were the stars of their respective rival record labels - Shakur with Death Row Records and Biggie with Bad Boy Records.

Biggie's case has remained unsolved, with no arrests or suspects.

In the mid 2000s the Los Angeles Police Department reopened the investigation and spoke with Davis, who was at a party with Biggie before the fatal shooting.

While Davis said he didn't have information about Biggie's death, he did have knowledge of Tupac's case and shared that he was in the car when the rapper was shot and killed. He told police the information in exchange that he not be charged.

That deal stuck until years later, when Davis went public with his knowledge.

He co-authored a memoir in 2019 titled Compton Street Legend, that claimed he not only was inside the vehicle when Tupac was shot, but he was also the person who ""tossed"" the gun used to kill him into the backseat of the Cadillac.

He never claimed to be the person who opened fire.

Davis also elaborated on the shooting to the media, detailing information to reporters in interviews.

Las Vegas police said his public statements had ""reinvigorated"" the investigation.

Over the next couple of years they spent time corroborating Davis' account and then in 2023, searched his home and seized multiple computers, two tubs of photographs and a slew of Tupac-related material, including a Vibe magazine.

He was arrested later that year.

Prosecutors have alleged that Tupac's killing was in retaliation for the beating of Davis' nephew - Orlando Anderson - just hours before the shooting.

They claim that Davis was the architect of the crime, who ordered the shooting and supplied the deadly weapon to further gang criminal conduct.

Nevada prosecutors argued that by publicly talking about what happened on the night of Tupac's death and writing a book where he claimed to have supplied the gun, Davis had broken the agreement he entered into with law enforcement.

A judge later sided with the prosecutor's argument, opening the door for Davis' arrest.

Davis and his defence team have argued that the book was co-authored and sections were embellished or fictionalised to make a profit, and they should not be viewed as direct admissions.

In an interview last week with a local TV news station, Davis denied being in Las Vegas when Tupac was killed and distanced himself from the memoir that lists him as an author.

""I did not write that book,"" Davis told Fox 5. ""A ghost writer wrote that.""

He also said he might take the stand and testify at his trial.

""If I have to, I will.""

Trial attorney Shaun Kent told the BBC: ""This is what makes this case so fascinating. The two biggest pieces of evidence against Keffe D came from Keffe D.

""Keffe D has the right to take the stand and say 'I made all this up. I lied to sell copies of the book. I lied to the police. I'm a liar but I did not murder Tupac.'""

Davis has also publicly stated multiple times that Bad Boy Records head Sean ""Diddy"" Combs had offered him $1m to kill Death Row Records rivals Tupac and Knight.

Combs is currently serving a 50-month prison sentence after being convicted for two counts of transportation for the purposes of prostitution in New York. He has repeatedly denied allegations that he was involved in Tupac's death.

Prosecutors have released a list of potential witnesses who could be called to testify, with over 200 names, including members of Tupac's family, former mayor of Las Vegas Oscar Goodman and former Los Angeles police Detective Greg Kading.

Prosecutors have also named Knight, although it's unclear if the rap impresario will testify, as he's previously said he would not.

""This would be huge as he has never offered law enforcement any information that would lead to the conviction of anyone,"" Kent said. ""This trial is going to be a legal scholar's Super Bowl.""

Get all the latest trial updates on the BBC Sounds 'Fame Under Fire: The Tupac Murder Trial' podcast available wherever you get your BBC podcasts.","['Suge Knight', 'Death Row Records', 'Shakur', 'Knight', 'Shakurs', 'the Nation They Created', 'Afeni', 'All Eyez', 'gangsta', 'the South Side Compton Crips', 'BMW', 'Cadillac', 'MGM', 'Tupac', 'Biggie Smalls', 'Biggie', 'Bad Boy Records', 'the Los Angeles Police Department', 'Compton Street Legend', 'Vibe', 'Fox 5', 'BBC', 'Death Row Records rivals Tupac', ""the BBC Sounds '""]",Entertainment,-0.9999,0.7984566688537598,False
8806722611114285353,https://www.bbc.com/news/articles/cj03p2jpdd4o,2026-08-12T15:58:30.731612+00:00,Lucy Davis urges women to check their breasts for cancer - here's how,"Signs of breast cancer are not always a lump in the traditional sense, so what should you look for?

Actress Lucy Davis, who played Dawn Tinsley in the original UK version of the popular TV series The Office, has revealed she has incurable breast cancer .

On Instagram , the 53-year-old said it had spread to her bones and it was too late for chemo.

She added: ""The initial lump that I felt, wasn't a 'lump' as such; rather a kind of hard spot. Really tiny.""

Here's how to check yourself at home.

The NHS says to check your breasts or chest about once a month.

That helps you learn what looks and feels normal for you, making it easier to notice any abnormal changes.

Breasts can naturally look and feel a bit different at different phases of your menstrual cycle, and change a bit as you age.

Instead, pay attention to:

Look at your breasts or chest in a mirror to look for any changes. Start with your arms by your sides and then raise them up.

Feel around each breast or side of your chest in a circular motion all the way up to your collarbone and under each armpit. Use a mix of light and firmer pressure. Do not press so hard it hurts.

Feel around and over each nipple.

See your GP if:","['The Office', 'Instagram', 'NHS']",Entertainment,-0.7391,0.7354192733764648,True
1682397882210794604,https://www.bbc.com/news/articles/cj639rx147eo,2026-08-12T15:58:32.782225+00:00,Car washes and vape shops can still sponsor skilled foreign workers despite visa changes,"More than 1,900 small high street businesses including mini-marts, vape shops and car washes are licensed to sponsor foreign workers under a specialist scheme intended for high-earning individuals despite visa rules being tightened, BBC Verify has found.

The Home Office scheme allows registered employers to recruit workers from overseas who meet a certain skill level. The rules were tightened in July 2025 to restrict the scheme mostly to graduate-level employees who would be earning at least £41,700.

But a year on from the rule change, BBC Verify has found more than 1,500 grocery and convenience stores, 150 taxi operators, 100 barber shops, and dozens of car washes and vape shops are still on the register and able to sponsor people to apply for visas.

More than 100 of those businesses were added to the skilled worker sponsorship list after the rules were tightened. Being on the register does not mean applications for individual visas would be approved.

Health Secretary Yvette Cooper said on Thursday the government will ""make sure that the rules are being properly enforced because we cannot have employers getting round the rules or finding different ways to deviate"".

Home Secretary Shabana Mahmood ordered an urgent review into the presence of vape shops, barbers and car washes on the skilled worker sponsor register two months ago, following concerns over the ""potential misuse of the system"". The Home Office said at the time that any businesses seeking to abuse the system would have their licences revoked.

A Home Office spokesperson said: ""We have raised the skilled worker threshold and over 100 occupations are now ineligible for new skilled worker visas.""

It is understood some of the companies that joined the register after the rules changed may have applied before they took effect. Some companies may have also remained on the register because they were approved before July 2025 or are sponsoring workers who were already in the UK.

There are more than 120,000 businesses with licences to sponsor skilled workers. The skilled worker scheme was introduced after Brexit for employers to recruit workers after EU free movement ended. Smaller firms must pay a £611 fee to apply to join the register while larger businesses, such as those with more than 50 staff, pay a fee of £1,682. Anyone can be visited by the UK Visas and Immigration service during the application process.

Until July last year, someone being hired from abroad could qualify for sponsorship if their qualifications met an A-Level or equivalent standard, as long as they were paid at least £38,700 in most cases. Since the rule change, non-graduate professions, such as shop managers, are no longer eligible to apply. There are also higher English-language skill requirements that were introduced in January this year.

The Home Office said there were 68,067 skilled worker visas granted in the 12 months to March this year - 29,745 to main applicants and 38,322 to their dependants - which is 30% lower than the year before. IT professionals were the most common type of people to be granted the visas, followed by those people working in finance, while the fall in approvals was mostly attributed to those in food preparation and hospitality trades no longer qualifying for the scheme.

Jobs including sales and retail assistants, taxi drivers and chauffeurs are currently listed by the government as ineligible for skilled worker visas, but there are some exemptions, such as bricklayers, carpenters or nursing assistants and other occupations where there is a shortage in the UK.

The Home Office revoked 3,299 licences in 2025 compared with 347 in 2023. Its register does not state how many certificates of sponsorship or visas have been issued for each business or what type of role it has hired for, but Home Office guidance states firms must offer genuine jobs that meet skill and salary rules, and only sponsor workers for eligible roles.

As businesses are only listed by name, it is not always clear what industry a company operates within. BBC Verify identified the more than 1,900 small high-street businesses that had retained a sponsorship licence by matching their names and locations to Companies House records and Google business listings to identify whether the mini marts, car washes and other small operations were on the list, and by analysing company names.

Around 1,700 of those were in England, more than 140 were in Scotland, over 80 were in Wales and just two were in Northern Ireland.

Separately, BBC Verify found 60 businesses on the register that had been fined for employing illegal workers between April 2024 and December 2025. They had been fined a combined £2.5m.

A Home Office spokesperson said: ""Illegal working will not be accepted, and businesses who face two or more illegal working penalties of up to £60,000, or fail to pay a penalty the first time, will have their license to hire workers revoked.""

Speaking about the visa rule change, Dr Madeleine Sumption, director of the University of Oxford's Migration Observatory, said that if businesses were on the register before the rules changed, they can continue to employ people they had already sponsored. ""But they can't now bring in a new person to do those jobs.""

Toby Way, a lawyer at WestBridge Business Immigration which helps businesses apply to be sponsors, told BBC Verify that while most sponsorship approvals are legitimate, ""We come across a lot of exaggeration and some downright lying about sponsored roles"".

""Hotels and restaurants have been hit massively by the rule changes. They're now unable to sponsor a chef or a manager, but they might claim they need someone for marketing or book-keeping, because those roles are on the temporary shortage list,"" he said.

""We know the Home Office looks at the finances of the businesses now and whether their revenue or profit means they can pay the required salary.""

Immigration lawyer Joanna Hunt of DAC Beachcroft said that it would be difficult for a high street shop to justify sponsorship at the degree level.

""Subject to a few exceptions, a job needs to be skilled to 'degree level' to allow a business to sponsor a worker to fill it and the Home Office will consider if the role fits with the type of business the sponsor operates. A high street shop may find this requirement difficult to demonstrate.""

Additional reporting by Rob England and Libby Rogers

What do you want BBC Verify to investigate?","['BBC Verify', 'The Home Office', 'Home Office', 'EU', 'Visas and Immigration', 'Companies House', 'Google', ""the University of Oxford's"", 'WestBridge Business Immigration', 'DAC Beachcroft', 'the Home Office']",Business,-0.9885,0.6836908459663391,True
